text,label
핀번호 316726 눌렀습니다.,1
지금 바빠서 나중에 통화해요. 보이스피싱 아닌가요?,0
어디시죠? 직접 방문해서 해결하겠습니다.,0
비번 6218 이걸로 설정해주세요.,1
지금 OTP 번호 531475 떴어요.,1
전화번호는 010-9042-3838 입니다.,1
네 알겠습니다. 6168-14-509966 여기로 입금 받을게요.,1
집 주소는 경기도 춘천시 반포대20로 487 (미정이이읍) 입니다.,1
"김건우, 010-7880-2596, 921123-3455945 전부 보냈습니다.",1
"이중수, 010-3464-3835, 920525-3986872 전부 보냈습니다.",1
저는 김민재라고 합니다.,1
지금 OTP 번호 784191 떴어요.,1
제 이름은 서현지입니다.,1
이름은 이명자이고요.,1
앱 설치 안 할 겁니다.,0
누구세요?,0
이름은 양정훈이고요.,1
보이스피싱 아닌가요? 필요 없습니다.,0
농협 600-76-751951 제 계좌입니다.,1
저는 권윤서라고 합니다.,1
국민은행 1398-94-615611 로 보내면 되나요?,1
가족한테 확인해볼게요. 모르는 url은 안 눌러요.,0
이름은 권영진이고요.,1
집 주소는 울산광역시 종로구 오금23거리 881-14 (정수진마을) 입니다.,1
누구세요?,0
농협 812-123976-14 제 계좌입니다.,1
가족한테 확인해볼게요. 가족한테 확인해볼게요.,0
보안카드 번호 568994 불러드릴게요.,1
확인해보고 다시 연락드릴게요.,0
핀번호 656122 눌렀습니다.,1
"전예원, 010-3856-5489, 690502-1793610 전부 보냈습니다.",1
주민번호는 920427-4659059 입니다.,1
이미 신고했습니다. 보이스피싱 아닌가요?,0
지금 바빠서 나중에 통화해요.,0
농협 6010-29-283935 제 계좌입니다.,1
지금 바빠서 나중에 통화해요.,0
경찰에 신고하겠습니다. 전화 끊으세요.,0
직접 방문해서 해결하겠습니다. 더 이상 연락하지 마세요.,0
더 이상 연락하지 마세요. 누구세요?,0
지금 OTP 번호 905287 떴어요.,1
싫습니다. 은행 가서 직접 처리할게요.,0
앱 설치 안 할 겁니다. 제 정보는 제가 알아서 합니다.,0
국민은행 428-637479-67 로 보내면 되나요?,1
제 이름은 나영식입니다.,1
지금 OTP 번호 853902 떴어요.,1
전화 끊으세요. 이미 신고했습니다.,0
더 이상 연락하지 마세요. 직접 방문해서 해결하겠습니다.,0
필요 없습니다.,0
전화 끊으세요. 직접 방문해서 해결하겠습니다.,0
제 정보는 제가 알아서 합니다. 관심 없어요.,0
이미 신고했습니다. 가족한테 확인해볼게요.,0
어디시죠?,0
배송지는 부산광역시 성북구 테헤란6가 431 로 해주세요.,1
더 이상 연락하지 마세요.,0
"황준호, 010-8846-1306, 760527-4975036 전부 보냈습니다.",1
제가 님을 어떻게 믿나요? 안해요.,0
지금 OTP 번호 572532 떴어요.,1
"우하윤, 010-1146-7678, 661127-4504770 전부 보냈습니다.",1
"김영순, 010-5830-2005, 661114-1151100 전부 보냈습니다.",1
직접 방문해서 해결하겠습니다. 필요 없습니다.,0
핀번호 979292 눌렀습니다.,1
필요 없습니다.,0
사기치지 마세요.,0
직접 방문해서 해결하겠습니다.,0
주민번호는 770413-3825666 입니다.,1
앱 설치 안 할 겁니다.,0
앱 설치 안 할 겁니다. 누구세요?,0
비밀번호는 4861 입니다.,1
관심 없어요. 안해요.,0
어디시죠? 더 이상 연락하지 마세요.,0
핀번호 589057 눌렀습니다.,1
주민등록번호 앞자리는 760804이고 뒤는 3136704입니다.,1
농협 322-639782-95 제 계좌입니다.,1
지금 OTP 번호 532682 떴어요.,1
주민번호는 821001-2464199 입니다.,1
제 민번 830206-1843486 맞나요?,1
농협 613-683716-21 제 계좌입니다.,1
관심 없어요. 어디시죠?,0
지금 바빠서 나중에 통화해요. 싫습니다.,0
이미 신고했습니다. 싫습니다.,0
싫습니다.,0
은행 가서 직접 처리할게요.,0
경찰에 신고하겠습니다. 필요 없습니다.,0
농협 365-571989-57 제 계좌입니다.,1
신분증 보여주세요. 어디시죠?,0
전화번호는 010-3175-2900 입니다.,1
계좌번호는 544-407068-48 입니다.,1
저는 이현우라고 합니다.,1
신분증 보여주세요. 가족한테 확인해볼게요.,0
관심 없어요. 제가 님을 어떻게 믿나요?,0
어디시죠? 은행 가서 직접 처리할게요.,0
신분증 보내드렸어요. 540314-3210299 확인해주세요.,1
핀번호 314757 눌렀습니다.,1
제 민번 630328-4613133 맞나요?,1
국민은행 531-63-511402 로 보내면 되나요?,1
가족한테 확인해볼게요.,0
관심 없어요. 보이스피싱 아닌가요?,0
모르는 url은 안 눌러요.,0
농협 9082-29-793397 제 계좌입니다.,1
보안카드 번호 152292 불러드릴게요.,1
신분증 보내드렸어요. 990224-3376565 확인해주세요.,1
농협 8193-84-634702 제 계좌입니다.,1
핀번호 690085 눌렀습니다.,1
어디시죠?,0
주민등록번호 앞자리는 640805이고 뒤는 3526410입니다.,1
주민번호는 560705-2447888 입니다.,1
주민번호는 550911-1387212 입니다.,1
제 폰번 010-5738-6219 로 연락주세요.,1
더 이상 연락하지 마세요.,0
제 이름은 이명숙입니다.,1
핀번호 671894 눌렀습니다.,1
계좌번호는 2494-46-622146 입니다.,1
안해요.,0
배송지는 경상북도 보령시 석촌호수길 409 로 해주세요.,1
농협 965-86-711249 제 계좌입니다.,1
안해요. 더 이상 연락하지 마세요.,0
이름은 최재현이고요.,1
국민은행 8214-69-210214 로 보내면 되나요?,1
농협 192-48-419715 제 계좌입니다.,1
신분증 보내드렸어요. 550620-1603451 확인해주세요.,1
제 이름은 최지우입니다.,1
지금 OTP 번호 667515 떴어요.,1
싫습니다.,0
주민번호는 790525-1544615 입니다.,1
주민번호는 520512-2217094 입니다.,1
제가 님을 어떻게 믿나요? 이미 신고했습니다.,0
네 알겠습니다. 5013-30-987651 여기로 입금 받을게요.,1
싫습니다. 직접 방문해서 해결하겠습니다.,0
확인해보고 다시 연락드릴게요.,0
보이스피싱 아닌가요?,0
신분증 보여주세요.,0
더 이상 연락하지 마세요.,0
제 민번 690606-1547096 맞나요?,1
제 민번 541206-1780540 맞나요?,1
제 정보는 제가 알아서 합니다. 더 이상 연락하지 마세요.,0
제가 님을 어떻게 믿나요?,0
확인해보고 다시 연락드릴게요.,0
더 이상 연락하지 마세요.,0
국민은행 738-60-568934 로 보내면 되나요?,1
비밀번호는 3707 입니다.,1
이미 신고했습니다.,0
관심 없어요.,0
앱 설치 안 할 겁니다. 제가 님을 어떻게 믿나요?,0
됐습니다.,0
제 정보는 제가 알아서 합니다.,0
이미 신고했습니다. 안해요.,0
안해요.,0
직접 방문해서 해결하겠습니다. 더 이상 연락하지 마세요.,0
전화 끊으세요.,0
제 정보는 제가 알아서 합니다.,0
핀번호 115131 눌렀습니다.,1
됐습니다.,0
직접 방문해서 해결하겠습니다. 어디시죠?,0
누구세요?,0
집 주소는 세종특별자치시 서초구 선릉444길 518 (서준심마을) 입니다.,1
집 주소는 충청북도 당진시 반포대가 88-17 입니다.,1
직접 방문해서 해결하겠습니다.,0
더 이상 연락하지 마세요. 가족한테 확인해볼게요.,0
됐습니다.,0
전화번호는 010-4710-2804 입니다.,1
주민등록번호 앞자리는 991119이고 뒤는 3563753입니다.,1
이미 신고했습니다.,0
신분증 보내드렸어요. 510114-3441041 확인해주세요.,1
신분증 보내드렸어요. 980224-2983740 확인해주세요.,1
국민은행 542-10-538689 로 보내면 되나요?,1
가족한테 확인해볼게요. 관심 없어요.,0
네 알겠습니다. 7356-34-946880 여기로 입금 받을게요.,1
제 폰번 010-4384-2263 로 연락주세요.,1
앱 설치 안 할 겁니다. 이미 신고했습니다.,0
비밀번호는 3154 입니다.,1
더 이상 연락하지 마세요. 모르는 url은 안 눌러요.,0
국민은행 9837-32-539393 로 보내면 되나요?,1
가족한테 확인해볼게요. 제가 님을 어떻게 믿나요?,0
전화 끊으세요.,0
비밀번호는 6890 입니다.,1
경찰에 신고하겠습니다. 제가 님을 어떻게 믿나요?,0
됐습니다.,0
제 정보는 제가 알아서 합니다. 어디시죠?,0
이름은 고동현이고요.,1
집 주소는 제주특별자치도 양평군 석촌호수길 24 (서연박동) 입니다.,1
안해요. 누구세요?,0
안해요.,0
주민등록번호 앞자리는 760712이고 뒤는 4948734입니다.,1
집 주소는 충청남도 용인시 수지구 언주거리 310 (영희심동) 입니다.,1
누구세요?,0
신분증 보여주세요.,0
관심 없어요. 필요 없습니다.,0
누구세요?,0
네 알겠습니다. 9439-96-744107 여기로 입금 받을게요.,1
배송지는 충청북도 청주시 상당구 역삼771로 496-12 (예지김읍) 로 해주세요.,1
신분증 보내드렸어요. 920517-4308878 확인해주세요.,1
제 정보는 제가 알아서 합니다. 제 정보는 제가 알아서 합니다.,0
경찰에 신고하겠습니다. 싫습니다.,0
모르는 url은 안 눌러요.,0
저는 서민재라고 합니다.,1
핀번호 996031 눌렀습니다.,1
전화번호는 010-1031-7184 입니다.,1
더 이상 연락하지 마세요. 더 이상 연락하지 마세요.,0
제가 님을 어떻게 믿나요?,0
앱 설치 안 할 겁니다. 경찰에 신고하겠습니다.,0
은행 가서 직접 처리할게요.,0
제 폰번 010-2352-8207 로 연락주세요.,1
누구세요?,0
이미 신고했습니다. 싫습니다.,0
지금 바빠서 나중에 통화해요.,0
핀번호 190674 눌렀습니다.,1
계좌번호는 6354-27-507476 입니다.,1
안해요.,0
모르는 url은 안 눌러요.,0
저는 최시우라고 합니다.,1
싫습니다. 필요 없습니다.,0
제 폰번 010-1169-1326 로 연락주세요.,1
관심 없어요. 제 정보는 제가 알아서 합니다.,0
주민등록번호 앞자리는 840904이고 뒤는 4841808입니다.,1
보이스피싱 아닌가요? 확인해보고 다시 연락드릴게요.,0
제 민번 720506-3521191 맞나요?,1
전화 끊으세요. 필요 없습니다.,0
배송지는 충청남도 양구군 양재천33거리 646-5 로 해주세요.,1
어디시죠?,0
보안카드 번호 377967 불러드릴게요.,1
집 주소는 대구광역시 서초구 선릉7가 477 입니다.,1
비밀번호는 6844 입니다.,1
제 정보는 제가 알아서 합니다.,0
관심 없어요.,0
"황서현, 010-9609-6846, 720915-4667031 전부 보냈습니다.",1
경찰에 신고하겠습니다. 은행 가서 직접 처리할게요.,0
이미 신고했습니다. 확인해보고 다시 연락드릴게요.,0
가족한테 확인해볼게요. 은행 가서 직접 처리할게요.,0
집 주소는 부산광역시 중구 영동대79길 155-5 (영미김박리) 입니다.,1
지금 OTP 번호 913644 떴어요.,1
비번 7068 이걸로 설정해주세요.,1
은행 가서 직접 처리할게요. 필요 없습니다.,0
계좌번호는 246-175190-71 입니다.,1
은행 가서 직접 처리할게요. 은행 가서 직접 처리할게요.,0
제 이름은 윤수빈입니다.,1
제가 님을 어떻게 믿나요?,0
전화 끊으세요. 지금 바빠서 나중에 통화해요.,0
국민은행 8138-83-806293 로 보내면 되나요?,1
모르는 url은 안 눌러요. 더 이상 연락하지 마세요.,0
제가 님을 어떻게 믿나요? 가족한테 확인해볼게요.,0
주민등록번호 앞자리는 530812이고 뒤는 1243932입니다.,1
전화번호는 010-5736-3955 입니다.,1
제 정보는 제가 알아서 합니다.,0
됐습니다.,0
핀번호 843311 눌렀습니다.,1
주민등록번호 앞자리는 871015이고 뒤는 3231205입니다.,1
비번 9258 이걸로 설정해주세요.,1
제 이름은 김지우입니다.,1
국민은행 265-68-911626 로 보내면 되나요?,1
필요 없습니다. 됐습니다.,0
전화 끊으세요.,0
이미 신고했습니다. 지금 바빠서 나중에 통화해요.,0
농협 242-364833-43 제 계좌입니다.,1
제 이름은 박선영입니다.,1
"이진우, 010-4209-7032, 700210-1601542 전부 보냈습니다.",1
비번 5406 이걸로 설정해주세요.,1
보이스피싱 아닌가요?,0
"송정호, 010-3951-2615, 670623-1759096 전부 보냈습니다.",1
보안카드 번호 264742 불러드릴게요.,1
제 폰번 010-9789-7247 로 연락주세요.,1
집 주소는 부산광역시 성동구 오금거리 456 (성현박마을) 입니다.,1
"김아름, 010-1500-7495, 571103-2197329 전부 보냈습니다.",1
지금 OTP 번호 969810 떴어요.,1
가족한테 확인해볼게요. 관심 없어요.,0
신분증 보내드렸어요. 510818-3592116 확인해주세요.,1
저는 서민서라고 합니다.,1
핀번호 260604 눌렀습니다.,1
모르는 url은 안 눌러요.,0
경찰에 신고하겠습니다. 전화 끊으세요.,0
집 주소는 충청북도 용인시 처인구 잠실12길 797-74 입니다.,1
비밀번호는 4779 입니다.,1
저는 조보람라고 합니다.,1
제가 님을 어떻게 믿나요?,0
"김하윤, 010-7048-9273, 961019-4741795 전부 보냈습니다.",1
농협 2843-93-579214 제 계좌입니다.,1
사기치지 마세요. 됐습니다.,0
제 폰번 010-3119-6849 로 연락주세요.,1
누구세요?,0
제 정보는 제가 알아서 합니다.,0
농협 880-48-349382 제 계좌입니다.,1
어디시죠?,0
신분증 보여주세요. 관심 없어요.,0
이름은 김춘자이고요.,1
국민은행 199-92-448304 로 보내면 되나요?,1
배송지는 충청북도 수원시 백제고분266가 140-48 로 해주세요.,1
사기치지 마세요. 보이스피싱 아닌가요?,0
"최서영, 010-1177-2531, 580914-4806494 전부 보냈습니다.",1
안해요.,0
핀번호 432015 눌렀습니다.,1
전화번호는 010-3534-2475 입니다.,1
주민번호는 640426-4936713 입니다.,1
신분증 보여주세요.,0
주민번호는 971119-3666219 입니다.,1
주민번호는 870418-4839904 입니다.,1
보이스피싱 아닌가요? 확인해보고 다시 연락드릴게요.,0
제 민번 690313-4900790 맞나요?,1
농협 326-74-836374 제 계좌입니다.,1
제 폰번 010-3630-6015 로 연락주세요.,1
신분증 보여주세요.,0
비번 5557 이걸로 설정해주세요.,1
제 폰번 010-6552-7679 로 연락주세요.,1
비번 1343 이걸로 설정해주세요.,1
전화 끊으세요. 이미 신고했습니다.,0
신분증 보내드렸어요. 771116-1222820 확인해주세요.,1
이미 신고했습니다.,0
가족한테 확인해볼게요. 지금 바빠서 나중에 통화해요.,0
전화 끊으세요.,0
싫습니다.,0
이름은 박정웅이고요.,1
배송지는 부산광역시 동작구 도산대41가 933-61 로 해주세요.,1
직접 방문해서 해결하겠습니다.,0
됐습니다. 전화 끊으세요.,0
농협 539-268612-33 제 계좌입니다.,1
전화 끊으세요.,0
핀번호 992300 눌렀습니다.,1
네 알겠습니다. 143-37-873477 여기로 입금 받을게요.,1
핀번호 533783 눌렀습니다.,1
안해요.,0
앱 설치 안 할 겁니다. 사기치지 마세요.,0
싫습니다. 누구세요?,0
가족한테 확인해볼게요. 관심 없어요.,0
모르는 url은 안 눌러요. 안해요.,0
농협 860-63-507222 제 계좌입니다.,1
싫습니다.,0
주민번호는 701128-1983377 입니다.,1
제 민번 930605-1342313 맞나요?,1
저는 문영환라고 합니다.,1
국민은행 358-705665-97 로 보내면 되나요?,1
은행 가서 직접 처리할게요.,0
직접 방문해서 해결하겠습니다. 누구세요?,0
은행 가서 직접 처리할게요. 모르는 url은 안 눌러요.,0
계좌번호는 640-44-888579 입니다.,1
지금 바빠서 나중에 통화해요.,0
저는 류진우라고 합니다.,1
비밀번호는 2843 입니다.,1
제 이름은 김은경입니다.,1
집 주소는 인천광역시 도봉구 가락901길 688-46 (미경성이리) 입니다.,1
국민은행 982-532238-53 로 보내면 되나요?,1
경찰에 신고하겠습니다.,0
농협 102-75-432622 제 계좌입니다.,1
안해요.,0
더 이상 연락하지 마세요.,0
지금 OTP 번호 589456 떴어요.,1
지금 OTP 번호 908374 떴어요.,1
전화 끊으세요. 이미 신고했습니다.,0
신분증 보여주세요. 전화 끊으세요.,0
은행 가서 직접 처리할게요.,0
안해요. 관심 없어요.,0
계좌번호는 317-137054-61 입니다.,1
농협 252-529500-55 제 계좌입니다.,1
더 이상 연락하지 마세요. 제가 님을 어떻게 믿나요?,0
사기치지 마세요. 어디시죠?,0
계좌번호는 313-509896-94 입니다.,1
비밀번호는 6316 입니다.,1
필요 없습니다. 보이스피싱 아닌가요?,0
보안카드 번호 163888 불러드릴게요.,1
더 이상 연락하지 마세요.,0
배송지는 세종특별자치시 금천구 언주거리 214 로 해주세요.,1
비번 3453 이걸로 설정해주세요.,1
비밀번호는 6727 입니다.,1
계좌번호는 629-181970-84 입니다.,1
제 이름은 류수민입니다.,1
신분증 보여주세요. 앱 설치 안 할 겁니다.,0
전화번호는 010-4048-7085 입니다.,1
집 주소는 대구광역시 서구 논현279길 18 (현지박면) 입니다.,1
누구세요?,0
비밀번호는 3425 입니다.,1
제 폰번 010-1219-7265 로 연락주세요.,1
주민번호는 900212-4715148 입니다.,1
신분증 보여주세요.,0
경찰에 신고하겠습니다.,0
어디시죠?,0
국민은행 580-770592-46 로 보내면 되나요?,1
배송지는 경상북도 보은군 강남대374로 지하587 로 해주세요.,1
"이민재, 010-1717-2423, 770213-4689399 전부 보냈습니다.",1
누구세요?,0
어디시죠? 안해요.,0
네 알겠습니다. 4554-96-931842 여기로 입금 받을게요.,1
집 주소는 인천광역시 강서구 반포대018길 213-9 입니다.,1
관심 없어요. 더 이상 연락하지 마세요.,0
더 이상 연락하지 마세요.,0
사기치지 마세요. 필요 없습니다.,0
지금 바빠서 나중에 통화해요. 싫습니다.,0
핀번호 496539 눌렀습니다.,1
주민등록번호 앞자리는 571201이고 뒤는 1201640입니다.,1
주민등록번호 앞자리는 501013이고 뒤는 3775291입니다.,1
신분증 보여주세요.,0
신분증 보내드렸어요. 510506-4638182 확인해주세요.,1
국민은행 975-411836-95 로 보내면 되나요?,1
제 민번 840616-3262304 맞나요?,1
지금 OTP 번호 858115 떴어요.,1
경찰에 신고하겠습니다. 관심 없어요.,0
제가 님을 어떻게 믿나요?,0
주민등록번호 앞자리는 581124이고 뒤는 2233237입니다.,1
핀번호 164484 눌렀습니다.,1
필요 없습니다.,0
국민은행 1884-23-563418 로 보내면 되나요?,1
비번 1602 이걸로 설정해주세요.,1
앱 설치 안 할 겁니다.,0
필요 없습니다. 싫습니다.,0
주민번호는 801024-2505126 입니다.,1
안해요. 지금 바빠서 나중에 통화해요.,0
비번 2655 이걸로 설정해주세요.,1
누구세요? 누구세요?,0
누구세요? 지금 바빠서 나중에 통화해요.,0
비번 2390 이걸로 설정해주세요.,1
주민등록번호 앞자리는 660611이고 뒤는 1930209입니다.,1
제 폰번 010-5996-8064 로 연락주세요.,1
신분증 보내드렸어요. 600121-1712209 확인해주세요.,1
제가 님을 어떻게 믿나요? 이미 신고했습니다.,0
신분증 보내드렸어요. 700218-2524333 확인해주세요.,1
누구세요?,0
누구세요? 어디시죠?,0
이름은 박수진이고요.,1
제 폰번 010-9424-1995 로 연락주세요.,1
됐습니다. 싫습니다.,0
보안카드 번호 703603 불러드릴게요.,1
제 정보는 제가 알아서 합니다. 싫습니다.,0
됐습니다. 이미 신고했습니다.,0
제 정보는 제가 알아서 합니다.,0
더 이상 연락하지 마세요. 이미 신고했습니다.,0
가족한테 확인해볼게요. 이미 신고했습니다.,0
계좌번호는 358-78-835201 입니다.,1
"이현숙, 010-7316-6594, 610103-4154195 전부 보냈습니다.",1
계좌번호는 884-109218-71 입니다.,1
제가 님을 어떻게 믿나요?,0
계좌번호는 7105-53-231170 입니다.,1
농협 230-481017-94 제 계좌입니다.,1
어디시죠? 지금 바빠서 나중에 통화해요.,0
제 폰번 010-6534-3355 로 연락주세요.,1
"황명숙, 010-1287-5802, 870812-2277497 전부 보냈습니다.",1
필요 없습니다.,0
비번 6511 이걸로 설정해주세요.,1
사기치지 마세요.,0
"이지우, 010-5147-9732, 550702-3934449 전부 보냈습니다.",1
제가 님을 어떻게 믿나요?,0
비번 2136 이걸로 설정해주세요.,1
됐습니다. 관심 없어요.,0
주민등록번호 앞자리는 720828이고 뒤는 1216651입니다.,1
경찰에 신고하겠습니다.,0
필요 없습니다.,0
"박승민, 010-5062-4526, 750705-2557060 전부 보냈습니다.",1
직접 방문해서 해결하겠습니다. 어디시죠?,0
보안카드 번호 789152 불러드릴게요.,1
전화번호는 010-8783-3364 입니다.,1
비밀번호는 3000 입니다.,1
핀번호 793931 눌렀습니다.,1
됐습니다.,0
핀번호 716274 눌렀습니다.,1
제 민번 940922-3998137 맞나요?,1
가족한테 확인해볼게요.,0
어디시죠?,0
안해요.,0
계좌번호는 601-691120-59 입니다.,1
신분증 보여주세요. 됐습니다.,0
계좌번호는 996-43-417167 입니다.,1
배송지는 세종특별자치시 중랑구 백제고분길 458 (옥순박읍) 로 해주세요.,1
더 이상 연락하지 마세요. 안해요.,0
전화 끊으세요.,0
계좌번호는 115-97-383240 입니다.,1
핀번호 136317 눌렀습니다.,1
비밀번호는 7203 입니다.,1
이름은 김지은이고요.,1
가족한테 확인해볼게요.,0
관심 없어요.,0
이미 신고했습니다.,0
보이스피싱 아닌가요?,0
안해요. 더 이상 연락하지 마세요.,0
제 정보는 제가 알아서 합니다.,0
가족한테 확인해볼게요. 가족한테 확인해볼게요.,0
앱 설치 안 할 겁니다.,0
확인해보고 다시 연락드릴게요. 가족한테 확인해볼게요.,0
제 폰번 010-8802-3306 로 연락주세요.,1
신분증 보여주세요.,0
전화 끊으세요.,0
싫습니다.,0
가족한테 확인해볼게요.,0
비번 7501 이걸로 설정해주세요.,1
제 폰번 010-7152-3102 로 연락주세요.,1
제 민번 840111-2471666 맞나요?,1
신분증 보여주세요.,0
직접 방문해서 해결하겠습니다. 어디시죠?,0
농협 8722-28-563951 제 계좌입니다.,1
됐습니다. 은행 가서 직접 처리할게요.,0
싫습니다. 됐습니다.,0
사기치지 마세요. 필요 없습니다.,0
비번 4632 이걸로 설정해주세요.,1
이미 신고했습니다.,0
집 주소는 인천광역시 강남구 압구정54거리 지하636 입니다.,1
비밀번호는 8664 입니다.,1
보안카드 번호 595224 불러드릴게요.,1
저는 양옥자라고 합니다.,1
핀번호 972075 눌렀습니다.,1
확인해보고 다시 연락드릴게요. 지금 바빠서 나중에 통화해요.,0
네 알겠습니다. 879-14-821269 여기로 입금 받을게요.,1
사기치지 마세요.,0
주민등록번호 앞자리는 740609이고 뒤는 1673006입니다.,1
농협 191-32-233327 제 계좌입니다.,1
제 폰번 010-5669-5003 로 연락주세요.,1
안해요.,0
더 이상 연락하지 마세요. 싫습니다.,0
필요 없습니다. 은행 가서 직접 처리할게요.,0
제 민번 600827-1276990 맞나요?,1
지금 바빠서 나중에 통화해요.,0
보안카드 번호 802597 불러드릴게요.,1
비번 9009 이걸로 설정해주세요.,1
저는 백현준라고 합니다.,1
국민은행 409-78-106451 로 보내면 되나요?,1
주민등록번호 앞자리는 900805이고 뒤는 3507414입니다.,1
"이승현, 010-8737-6859, 710128-3263717 전부 보냈습니다.",1
제 정보는 제가 알아서 합니다. 확인해보고 다시 연락드릴게요.,0
가족한테 확인해볼게요. 어디시죠?,0
신분증 보내드렸어요. 740224-2381018 확인해주세요.,1
제 민번 870620-3110426 맞나요?,1
농협 879-378674-75 제 계좌입니다.,1
"김성수, 010-7151-7575, 800812-1817847 전부 보냈습니다.",1
비밀번호는 8067 입니다.,1
농협 305-251481-54 제 계좌입니다.,1
비번 2222 이걸로 설정해주세요.,1
신분증 보여주세요. 신분증 보여주세요.,0
관심 없어요. 지금 바빠서 나중에 통화해요.,0
확인해보고 다시 연락드릴게요. 안해요.,0
이름은 강보람이고요.,1
누구세요? 싫습니다.,0
신분증 보내드렸어요. 931015-3552679 확인해주세요.,1
제 이름은 송승민입니다.,1
싫습니다.,0
더 이상 연락하지 마세요. 모르는 url은 안 눌러요.,0
모르는 url은 안 눌러요.,0
은행 가서 직접 처리할게요. 어디시죠?,0
더 이상 연락하지 마세요.,0
농협 8012-72-529407 제 계좌입니다.,1
어디시죠? 전화 끊으세요.,0
제 폰번 010-5916-5694 로 연락주세요.,1
보이스피싱 아닌가요? 전화 끊으세요.,0
모르는 url은 안 눌러요.,0
배송지는 전라북도 태안군 선릉6길 216 로 해주세요.,1
누구세요? 보이스피싱 아닌가요?,0
제가 님을 어떻게 믿나요?,0
관심 없어요.,0
핀번호 793122 눌렀습니다.,1
어디시죠? 직접 방문해서 해결하겠습니다.,0
국민은행 101-15-103340 로 보내면 되나요?,1
됐습니다. 됐습니다.,0
어디시죠? 확인해보고 다시 연락드릴게요.,0
제 정보는 제가 알아서 합니다. 됐습니다.,0
사기치지 마세요.,0
신분증 보여주세요. 보이스피싱 아닌가요?,0
전화 끊으세요. 직접 방문해서 해결하겠습니다.,0
주민등록번호 앞자리는 520725이고 뒤는 2256531입니다.,1
확인해보고 다시 연락드릴게요.,0
제 이름은 최은지입니다.,1
보이스피싱 아닌가요?,0
계좌번호는 779-650428-67 입니다.,1
계좌번호는 292-280403-59 입니다.,1
비밀번호는 1063 입니다.,1
경찰에 신고하겠습니다. 전화 끊으세요.,0
은행 가서 직접 처리할게요.,0
누구세요?,0
직접 방문해서 해결하겠습니다. 안해요.,0
누구세요?,0
직접 방문해서 해결하겠습니다.,0
제가 님을 어떻게 믿나요?,0
신분증 보내드렸어요. 971110-2137910 확인해주세요.,1
네 알겠습니다. 3319-84-920907 여기로 입금 받을게요.,1
전화 끊으세요.,0
직접 방문해서 해결하겠습니다. 더 이상 연락하지 마세요.,0
전화번호는 010-4380-3858 입니다.,1
신분증 보여주세요.,0
사기치지 마세요.,0
확인해보고 다시 연락드릴게요. 됐습니다.,0
됐습니다.,0
이미 신고했습니다.,0
전화번호는 010-3774-7516 입니다.,1
지금 OTP 번호 141344 떴어요.,1
관심 없어요. 사기치지 마세요.,0
지금 OTP 번호 748952 떴어요.,1
전화 끊으세요.,0
은행 가서 직접 처리할게요. 더 이상 연락하지 마세요.,0
사기치지 마세요. 됐습니다.,0
계좌번호는 933-73-345480 입니다.,1
앱 설치 안 할 겁니다. 모르는 url은 안 눌러요.,0
지금 OTP 번호 599650 떴어요.,1
은행 가서 직접 처리할게요.,0
계좌번호는 346-19-899917 입니다.,1
제가 님을 어떻게 믿나요?,0
은행 가서 직접 처리할게요. 은행 가서 직접 처리할게요.,0
제 이름은 장중수입니다.,1
배송지는 충청남도 태안군 압구정로 203 로 해주세요.,1
제가 님을 어떻게 믿나요?,0
앱 설치 안 할 겁니다.,0
네 알겠습니다. 9295-60-958365 여기로 입금 받을게요.,1
핀번호 554302 눌렀습니다.,1
경찰에 신고하겠습니다. 가족한테 확인해볼게요.,0
확인해보고 다시 연락드릴게요. 지금 바빠서 나중에 통화해요.,0
신분증 보내드렸어요. 791216-3722523 확인해주세요.,1
어디시죠?,0
제 이름은 이영호입니다.,1
지금 OTP 번호 176398 떴어요.,1
저는 이명숙라고 합니다.,1
전화번호는 010-9802-5807 입니다.,1
이미 신고했습니다. 어디시죠?,0
이름은 서은주이고요.,1
관심 없어요.,0
앱 설치 안 할 겁니다. 됐습니다.,0
제 정보는 제가 알아서 합니다.,0
국민은행 9938-35-228461 로 보내면 되나요?,1
이미 신고했습니다.,0
직접 방문해서 해결하겠습니다. 제가 님을 어떻게 믿나요?,0
어디시죠? 은행 가서 직접 처리할게요.,0
핀번호 826152 눌렀습니다.,1
누구세요? 더 이상 연락하지 마세요.,0
계좌번호는 401-36-997807 입니다.,1
배송지는 경상북도 서산시 개포127길 지하598 로 해주세요.,1
전화 끊으세요. 전화 끊으세요.,0
국민은행 2365-39-529486 로 보내면 되나요?,1
계좌번호는 424-70-669126 입니다.,1
비밀번호는 8887 입니다.,1
농협 7386-67-911972 제 계좌입니다.,1
계좌번호는 8710-84-167486 입니다.,1
계좌번호는 864-26-248980 입니다.,1
누구세요?,0
핀번호 595127 눌렀습니다.,1
신분증 보여주세요.,0
모르는 url은 안 눌러요. 제 정보는 제가 알아서 합니다.,0
직접 방문해서 해결하겠습니다. 보이스피싱 아닌가요?,0
이름은 홍승현이고요.,1
저는 장영수라고 합니다.,1
이름은 허도현이고요.,1
핀번호 312388 눌렀습니다.,1
이름은 김보람이고요.,1
이름은 배현정이고요.,1
네 알겠습니다. 2833-69-936213 여기로 입금 받을게요.,1
싫습니다. 모르는 url은 안 눌러요.,0
계좌번호는 5698-31-869202 입니다.,1
국민은행 6725-71-913435 로 보내면 되나요?,1
계좌번호는 907-34-315215 입니다.,1
됐습니다.,0
됐습니다.,0
관심 없어요. 어디시죠?,0
관심 없어요. 보이스피싱 아닌가요?,0
모르는 url은 안 눌러요.,0
더 이상 연락하지 마세요.,0
제 민번 670604-2412964 맞나요?,1
누구세요? 이미 신고했습니다.,0
필요 없습니다. 직접 방문해서 해결하겠습니다.,0
가족한테 확인해볼게요.,0
지금 바빠서 나중에 통화해요.,0
비밀번호는 9329 입니다.,1
사기치지 마세요. 모르는 url은 안 눌러요.,0
제가 님을 어떻게 믿나요?,0
제 폰번 010-5229-7922 로 연락주세요.,1
가족한테 확인해볼게요.,0
어디시죠?,0
핀번호 412966 눌렀습니다.,1
농협 750-22-877102 제 계좌입니다.,1
제 정보는 제가 알아서 합니다. 누구세요?,0
집 주소는 부산광역시 강서구 테헤란39길 지하532 (동현문한마을) 입니다.,1
제 이름은 이춘자입니다.,1
비밀번호는 5924 입니다.,1
주민번호는 660625-2261612 입니다.,1
배송지는 부산광역시 북구 반포대거리 678-91 로 해주세요.,1
관심 없어요.,0
집 주소는 서울특별시 노원구 선릉길 735-65 (승현오면) 입니다.,1
주민번호는 600109-3255268 입니다.,1
어디시죠? 사기치지 마세요.,0
비밀번호는 5929 입니다.,1
신분증 보여주세요.,0
이미 신고했습니다.,0
제 민번 571020-1181379 맞나요?,1
제 정보는 제가 알아서 합니다.,0
핀번호 534476 눌렀습니다.,1
핀번호 933606 눌렀습니다.,1
주민등록번호 앞자리는 540520이고 뒤는 3222595입니다.,1
네 알겠습니다. 640-30-652243 여기로 입금 받을게요.,1
관심 없어요.,0
싫습니다.,0
제 민번 570717-2915333 맞나요?,1
이미 신고했습니다. 제 정보는 제가 알아서 합니다.,0
됐습니다.,0
더 이상 연락하지 마세요. 제가 님을 어떻게 믿나요?,0
계좌번호는 553-50-145743 입니다.,1
제 민번 820218-2854291 맞나요?,1
어디시죠?,0
전화 끊으세요.,0
지금 바빠서 나중에 통화해요. 관심 없어요.,0
제 폰번 010-6361-9983 로 연락주세요.,1
계좌번호는 373-17-964975 입니다.,1
싫습니다.,0
더 이상 연락하지 마세요.,0
제가 님을 어떻게 믿나요? 싫습니다.,0
지금 바빠서 나중에 통화해요.,0
농협 4683-44-620393 제 계좌입니다.,1
보안카드 번호 991089 불러드릴게요.,1
주민번호는 970215-2392685 입니다.,1
핀번호 220587 눌렀습니다.,1
신분증 보내드렸어요. 830607-4617512 확인해주세요.,1
지금 OTP 번호 992103 떴어요.,1
집 주소는 대전광역시 노원구 강남대82가 411 (하윤이박읍) 입니다.,1
이름은 박예지이고요.,1
어디시죠?,0
제가 님을 어떻게 믿나요? 이미 신고했습니다.,0
경찰에 신고하겠습니다. 전화 끊으세요.,0
앱 설치 안 할 겁니다.,0
직접 방문해서 해결하겠습니다.,0
누구세요?,0
전화번호는 010-8284-9359 입니다.,1
국민은행 6387-53-530218 로 보내면 되나요?,1
지금 바빠서 나중에 통화해요. 경찰에 신고하겠습니다.,0
제가 님을 어떻게 믿나요?,0
가족한테 확인해볼게요. 누구세요?,0
제 폰번 010-9277-3889 로 연락주세요.,1
제 이름은 이정호입니다.,1
됐습니다.,0
은행 가서 직접 처리할게요. 은행 가서 직접 처리할게요.,0
비밀번호는 7612 입니다.,1
이미 신고했습니다. 제 정보는 제가 알아서 합니다.,0
네 알겠습니다. 2618-42-893667 여기로 입금 받을게요.,1
이름은 박우진이고요.,1
경찰에 신고하겠습니다. 싫습니다.,0
됐습니다.,0
배송지는 전라북도 수원시 권선구 도산대길 50-97 (진호김면) 로 해주세요.,1
주민번호는 900719-4758664 입니다.,1
사기치지 마세요. 누구세요?,0
전화 끊으세요. 관심 없어요.,0
필요 없습니다.,0
핀번호 938350 눌렀습니다.,1
배송지는 충청남도 군포시 백제고분가 192 (명자이이마을) 로 해주세요.,1
가족한테 확인해볼게요. 관심 없어요.,0
제가 님을 어떻게 믿나요?,0
신분증 보여주세요. 모르는 url은 안 눌러요.,0
제 이름은 이지영입니다.,1
직접 방문해서 해결하겠습니다.,0
농협 7128-35-978101 제 계좌입니다.,1
이미 신고했습니다.,0
더 이상 연락하지 마세요.,0
지금 OTP 번호 578204 떴어요.,1
비번 9974 이걸로 설정해주세요.,1
됐습니다. 어디시죠?,0
국민은행 752-63-447261 로 보내면 되나요?,1
됐습니다. 필요 없습니다.,0
보안카드 번호 356435 불러드릴게요.,1
직접 방문해서 해결하겠습니다. 더 이상 연락하지 마세요.,0
싫습니다.,0
싫습니다.,0
어디시죠?,0
네 알겠습니다. 930-70-526506 여기로 입금 받을게요.,1
비번 4221 이걸로 설정해주세요.,1
전화번호는 010-6739-6162 입니다.,1
싫습니다. 신분증 보여주세요.,0
농협 8139-94-399097 제 계좌입니다.,1
확인해보고 다시 연락드릴게요. 신분증 보여주세요.,0
사기치지 마세요.,0
확인해보고 다시 연락드릴게요.,0
제 정보는 제가 알아서 합니다.,0
제 폰번 010-1794-1000 로 연락주세요.,1
주민등록번호 앞자리는 990818이고 뒤는 2509497입니다.,1
지금 바빠서 나중에 통화해요. 신분증 보여주세요.,0
됐습니다. 전화 끊으세요.,0
경찰에 신고하겠습니다. 가족한테 확인해볼게요.,0
확인해보고 다시 연락드릴게요. 은행 가서 직접 처리할게요.,0
주민등록번호 앞자리는 621112이고 뒤는 4536582입니다.,1
보안카드 번호 858485 불러드릴게요.,1
어디시죠? 제 정보는 제가 알아서 합니다.,0
앱 설치 안 할 겁니다.,0
저는 서정수라고 합니다.,1
비번 5464 이걸로 설정해주세요.,1
은행 가서 직접 처리할게요. 사기치지 마세요.,0
됐습니다.,0
국민은행 952-34-188939 로 보내면 되나요?,1
비밀번호는 5610 입니다.,1
제 이름은 박영호입니다.,1
비번 3724 이걸로 설정해주세요.,1
지금 OTP 번호 642907 떴어요.,1
어디시죠?,0
제가 님을 어떻게 믿나요?,0
집 주소는 강원도 의정부시 선릉7로 693 입니다.,1
저는 박민준라고 합니다.,1
계좌번호는 275-14-934927 입니다.,1
은행 가서 직접 처리할게요. 은행 가서 직접 처리할게요.,0
전화 끊으세요.,0
제 민번 841227-2831481 맞나요?,1
어디시죠? 안해요.,0
더 이상 연락하지 마세요.,0
앱 설치 안 할 겁니다. 제 정보는 제가 알아서 합니다.,0
사기치지 마세요. 됐습니다.,0
이미 신고했습니다. 필요 없습니다.,0
네 알겠습니다. 296-494105-28 여기로 입금 받을게요.,1
은행 가서 직접 처리할게요.,0
보안카드 번호 939963 불러드릴게요.,1
확인해보고 다시 연락드릴게요.,0
저는 허상철라고 합니다.,1
경찰에 신고하겠습니다. 어디시죠?,0
제 폰번 010-7419-8976 로 연락주세요.,1
전화 끊으세요. 제 정보는 제가 알아서 합니다.,0
전화번호는 010-8178-6464 입니다.,1
비밀번호는 8340 입니다.,1
더 이상 연락하지 마세요.,0
필요 없습니다.,0
제 이름은 박지은입니다.,1
됐습니다.,0
주민번호는 800609-1482068 입니다.,1
주민등록번호 앞자리는 810311이고 뒤는 2747092입니다.,1
전화번호는 010-4733-7521 입니다.,1
"황영숙, 010-1365-9247, 640218-4440536 전부 보냈습니다.",1
전화 끊으세요.,0
관심 없어요. 은행 가서 직접 처리할게요.,0
전화 끊으세요. 필요 없습니다.,0
"진재현, 010-9013-8457, 900602-2291591 전부 보냈습니다.",1
사기치지 마세요. 신분증 보여주세요.,0
저는 윤미경라고 합니다.,1
주민번호는 671122-4418220 입니다.,1
국민은행 157-293770-49 로 보내면 되나요?,1
국민은행 150-53-490802 로 보내면 되나요?,1
보이스피싱 아닌가요? 가족한테 확인해볼게요.,0
됐습니다.,0
주민등록번호 앞자리는 621019이고 뒤는 3830275입니다.,1
은행 가서 직접 처리할게요. 신분증 보여주세요.,0
안해요. 더 이상 연락하지 마세요.,0
비번 3868 이걸로 설정해주세요.,1
네 알겠습니다. 545-503104-71 여기로 입금 받을게요.,1
관심 없어요. 제 정보는 제가 알아서 합니다.,0
은행 가서 직접 처리할게요.,0
확인해보고 다시 연락드릴게요. 직접 방문해서 해결하겠습니다.,0
직접 방문해서 해결하겠습니다.,0
계좌번호는 2283-46-925827 입니다.,1
핀번호 616248 눌렀습니다.,1
이름은 양준서이고요.,1
직접 방문해서 해결하겠습니다.,0
모르는 url은 안 눌러요.,0
신분증 보여주세요. 싫습니다.,0
신분증 보내드렸어요. 971008-4377470 확인해주세요.,1
네 알겠습니다. 546-535728-44 여기로 입금 받을게요.,1
경찰에 신고하겠습니다. 됐습니다.,0
지금 바빠서 나중에 통화해요. 관심 없어요.,0
전화 끊으세요.,0
더 이상 연락하지 마세요.,0
"오예원, 010-8306-2018, 851215-1262120 전부 보냈습니다.",1
됐습니다.,0
필요 없습니다. 사기치지 마세요.,0
확인해보고 다시 연락드릴게요. 신분증 보여주세요.,0
국민은행 842-69-856927 로 보내면 되나요?,1
전화번호는 010-5973-9815 입니다.,1
비밀번호는 4260 입니다.,1
제 민번 690226-2128363 맞나요?,1
경찰에 신고하겠습니다.,0
이름은 김수민이고요.,1
필요 없습니다.,0
싫습니다.,0
보이스피싱 아닌가요? 이미 신고했습니다.,0
주민번호는 751020-2274438 입니다.,1
신분증 보내드렸어요. 940110-4811324 확인해주세요.,1
제 민번 781002-2179468 맞나요?,1
누구세요?,0
안해요.,0
농협 709-572709-85 제 계좌입니다.,1
국민은행 133-65-874136 로 보내면 되나요?,1
지금 OTP 번호 242131 떴어요.,1
제 정보는 제가 알아서 합니다. 더 이상 연락하지 마세요.,0
은행 가서 직접 처리할게요. 확인해보고 다시 연락드릴게요.,0
싫습니다.,0
앱 설치 안 할 겁니다. 지금 바빠서 나중에 통화해요.,0
누구세요? 경찰에 신고하겠습니다.,0
확인해보고 다시 연락드릴게요.,0
지금 바빠서 나중에 통화해요. 전화 끊으세요.,0
관심 없어요. 보이스피싱 아닌가요?,0
신분증 보내드렸어요. 920604-2286329 확인해주세요.,1
누구세요? 은행 가서 직접 처리할게요.,0
계좌번호는 6909-30-468605 입니다.,1
직접 방문해서 해결하겠습니다.,0
핀번호 514640 눌렀습니다.,1
주민등록번호 앞자리는 810809이고 뒤는 1742639입니다.,1
비밀번호는 5987 입니다.,1
됐습니다.,0
관심 없어요. 관심 없어요.,0
관심 없어요.,0
이미 신고했습니다. 어디시죠?,0
국민은행 4051-32-634281 로 보내면 되나요?,1
저는 고동현라고 합니다.,1
제 이름은 김현숙입니다.,1
저는 김경수라고 합니다.,1
집 주소는 경기도 안양시 동안구 언주424가 680 입니다.,1
핀번호 116928 눌렀습니다.,1
보이스피싱 아닌가요?,0
비밀번호는 6519 입니다.,1
저는 김재현라고 합니다.,1
관심 없어요. 직접 방문해서 해결하겠습니다.,0
확인해보고 다시 연락드릴게요. 지금 바빠서 나중에 통화해요.,0
"최영자, 010-7332-1794, 560221-2622999 전부 보냈습니다.",1
어디시죠? 이미 신고했습니다.,0
안해요. 모르는 url은 안 눌러요.,0
관심 없어요. 제가 님을 어떻게 믿나요?,0
어디시죠?,0
더 이상 연락하지 마세요.,0
직접 방문해서 해결하겠습니다.,0
어디시죠?,0
주민등록번호 앞자리는 740701이고 뒤는 1512836입니다.,1
앱 설치 안 할 겁니다. 경찰에 신고하겠습니다.,0
싫습니다. 더 이상 연락하지 마세요.,0
모르는 url은 안 눌러요. 사기치지 마세요.,0
비번 5767 이걸로 설정해주세요.,1
지금 바빠서 나중에 통화해요. 앱 설치 안 할 겁니다.,0
어디시죠?,0
은행 가서 직접 처리할게요.,0
신분증 보여주세요.,0
계좌번호는 247-879303-69 입니다.,1
확인해보고 다시 연락드릴게요. 지금 바빠서 나중에 통화해요.,0
농협 851-458659-57 제 계좌입니다.,1
은행 가서 직접 처리할게요.,0
더 이상 연락하지 마세요. 어디시죠?,0
저는 김우진라고 합니다.,1
신분증 보내드렸어요. 770410-2652345 확인해주세요.,1
집 주소는 경상북도 영월군 반포대가 196 입니다.,1
주민등록번호 앞자리는 910327이고 뒤는 4831901입니다.,1
더 이상 연락하지 마세요. 은행 가서 직접 처리할게요.,0
국민은행 8531-67-982664 로 보내면 되나요?,1
가족한테 확인해볼게요. 제 정보는 제가 알아서 합니다.,0
가족한테 확인해볼게요. 싫습니다.,0
더 이상 연락하지 마세요. 사기치지 마세요.,0
저는 김민석라고 합니다.,1
지금 바빠서 나중에 통화해요.,0
핀번호 643071 눌렀습니다.,1
배송지는 울산광역시 종로구 도산대길 299-4 로 해주세요.,1
비번 6687 이걸로 설정해주세요.,1
사기치지 마세요.,0
지금 바빠서 나중에 통화해요.,0
관심 없어요.,0
전화 끊으세요. 필요 없습니다.,0
비밀번호는 2351 입니다.,1
주민번호는 861011-2279141 입니다.,1
제 이름은 유은영입니다.,1
누구세요?,0
국민은행 7551-11-486014 로 보내면 되나요?,1
제 민번 670315-1367380 맞나요?,1
네 알겠습니다. 613-73-936733 여기로 입금 받을게요.,1
비번 4407 이걸로 설정해주세요.,1
제가 님을 어떻게 믿나요?,0
제 정보는 제가 알아서 합니다.,0
보안카드 번호 674983 불러드릴게요.,1
직접 방문해서 해결하겠습니다. 싫습니다.,0
제 정보는 제가 알아서 합니다.,0
보이스피싱 아닌가요?,0
안해요.,0
"김정자, 010-4337-3721, 551125-1828591 전부 보냈습니다.",1
제 민번 661211-2285090 맞나요?,1
"오광수, 010-6842-3695, 780718-1468587 전부 보냈습니다.",1
"최종수, 010-9519-7302, 951224-4703512 전부 보냈습니다.",1
"박민준, 010-6119-5603, 971203-2944014 전부 보냈습니다.",1
제 폰번 010-1397-4581 로 연락주세요.,1
제 폰번 010-2934-1738 로 연락주세요.,1
앱 설치 안 할 겁니다.,0
지금 바빠서 나중에 통화해요.,0
저는 박지영라고 합니다.,1
어디시죠? 제가 님을 어떻게 믿나요?,0
"김민수, 010-1986-9881, 680903-1832613 전부 보냈습니다.",1
이름은 황정자이고요.,1
저는 이성호라고 합니다.,1
농협 973-513091-19 제 계좌입니다.,1
누구세요? 모르는 url은 안 눌러요.,0
가족한테 확인해볼게요. 신분증 보여주세요.,0
제 폰번 010-2931-7010 로 연락주세요.,1
지금 OTP 번호 784971 떴어요.,1
모르는 url은 안 눌러요.,0
저는 오지현라고 합니다.,1
더 이상 연락하지 마세요. 은행 가서 직접 처리할게요.,0
경찰에 신고하겠습니다.,0
제 이름은 임진우입니다.,1
배송지는 충청남도 부천시 양재천로 지하763 (성훈장최면) 로 해주세요.,1
비밀번호는 5547 입니다.,1
싫습니다.,0
핀번호 925000 눌렀습니다.,1
신분증 보내드렸어요. 981209-2263025 확인해주세요.,1
계좌번호는 9330-13-757551 입니다.,1
전화번호는 010-8959-5811 입니다.,1
제가 님을 어떻게 믿나요?,0
직접 방문해서 해결하겠습니다.,0
지금 바빠서 나중에 통화해요.,0
비밀번호는 6420 입니다.,1
관심 없어요. 직접 방문해서 해결하겠습니다.,0
보이스피싱 아닌가요?,0
저는 이윤서라고 합니다.,1
비번 3610 이걸로 설정해주세요.,1
확인해보고 다시 연락드릴게요.,0
누구세요?,0
신분증 보여주세요.,0
집 주소는 충청남도 증평군 가락6길 429-7 (민수민동) 입니다.,1
제가 님을 어떻게 믿나요? 확인해보고 다시 연락드릴게요.,0
제 민번 890905-3383110 맞나요?,1
보이스피싱 아닌가요? 가족한테 확인해볼게요.,0
제가 님을 어떻게 믿나요?,0
신분증 보내드렸어요. 800428-4766088 확인해주세요.,1
이름은 장현지이고요.,1
지금 바빠서 나중에 통화해요.,0
집 주소는 광주광역시 관악구 도산대27가 444-48 (미경이김동) 입니다.,1
지금 바빠서 나중에 통화해요.,0
안해요.,0
전화번호는 010-4161-6306 입니다.,1
사기치지 마세요.,0
더 이상 연락하지 마세요.,0
농협 806-256294-88 제 계좌입니다.,1
지금 바빠서 나중에 통화해요. 직접 방문해서 해결하겠습니다.,0
전화 끊으세요. 필요 없습니다.,0
지금 OTP 번호 455447 떴어요.,1
사기치지 마세요.,0
지금 바빠서 나중에 통화해요.,0
관심 없어요.,0
싫습니다. 됐습니다.,0
은행 가서 직접 처리할게요.,0
확인해보고 다시 연락드릴게요.,0
누구세요?,0
됐습니다. 필요 없습니다.,0
전화번호는 010-3305-9063 입니다.,1
모르는 url은 안 눌러요.,0
은행 가서 직접 처리할게요. 사기치지 마세요.,0
주민등록번호 앞자리는 610705이고 뒤는 2792073입니다.,1
주민등록번호 앞자리는 581022이고 뒤는 1685062입니다.,1
배송지는 경상북도 청주시 서원구 개포거리 575 로 해주세요.,1
이미 신고했습니다. 됐습니다.,0
모르는 url은 안 눌러요.,0
앱 설치 안 할 겁니다.,0
모르는 url은 안 눌러요. 안해요.,0
지금 바빠서 나중에 통화해요. 은행 가서 직접 처리할게요.,0
주민번호는 810107-1173926 입니다.,1
보이스피싱 아닌가요?,0
보안카드 번호 107591 불러드릴게요.,1
국민은행 558-55-984053 로 보내면 되나요?,1
경찰에 신고하겠습니다.,0
지금 바빠서 나중에 통화해요.,0
전화 끊으세요.,0
"박경수, 010-4334-5813, 990920-2765428 전부 보냈습니다.",1
"진미경, 010-1958-8678, 690115-2676264 전부 보냈습니다.",1
은행 가서 직접 처리할게요. 전화 끊으세요.,0
이미 신고했습니다. 더 이상 연락하지 마세요.,0
이미 신고했습니다. 직접 방문해서 해결하겠습니다.,0
직접 방문해서 해결하겠습니다. 확인해보고 다시 연락드릴게요.,0
제가 님을 어떻게 믿나요?,0
계좌번호는 6808-61-443707 입니다.,1
비번 3523 이걸로 설정해주세요.,1
계좌번호는 238-619825-25 입니다.,1
집 주소는 부산광역시 용산구 오금로 49 입니다.,1
제 폰번 010-5672-7494 로 연락주세요.,1
주민번호는 560827-3812685 입니다.,1
저는 김지아라고 합니다.,1
비밀번호는 8644 입니다.,1
"윤예진, 010-6336-4910, 781110-2528951 전부 보냈습니다.",1
집 주소는 대전광역시 도봉구 잠실20길 485-78 입니다.,1
지금 바빠서 나중에 통화해요. 제 정보는 제가 알아서 합니다.,0
제 폰번 010-5151-9748 로 연락주세요.,1
필요 없습니다.,0
제 정보는 제가 알아서 합니다. 신분증 보여주세요.,0
국민은행 689-64-750092 로 보내면 되나요?,1
"김춘자, 010-1011-7857, 611126-1373823 전부 보냈습니다.",1
가족한테 확인해볼게요.,0
보이스피싱 아닌가요? 가족한테 확인해볼게요.,0
신분증 보여주세요.,0
가족한테 확인해볼게요.,0
확인해보고 다시 연락드릴게요.,0
직접 방문해서 해결하겠습니다. 어디시죠?,0
신분증 보내드렸어요. 570413-3878584 확인해주세요.,1
"이예지, 010-5873-5157, 710317-2773457 전부 보냈습니다.",1
국민은행 991-67-662347 로 보내면 되나요?,1
집 주소는 대전광역시 성동구 잠실2길 892-76 (영일김송읍) 입니다.,1
저는 박상현라고 합니다.,1
주민등록번호 앞자리는 510309이고 뒤는 2445186입니다.,1
신분증 보내드렸어요. 941026-3435421 확인해주세요.,1
신분증 보여주세요.,0
제 폰번 010-2916-7232 로 연락주세요.,1
더 이상 연락하지 마세요.,0
배송지는 충청남도 화성시 도산대로 453 (영식이박읍) 로 해주세요.,1
저는 김유진라고 합니다.,1
제가 님을 어떻게 믿나요?,0
어디시죠?,0
지금 바빠서 나중에 통화해요.,0
집 주소는 대전광역시 종로구 잠실1길 289 (영진김최읍) 입니다.,1
더 이상 연락하지 마세요. 관심 없어요.,0
보안카드 번호 901922 불러드릴게요.,1
"황준호, 010-7648-2599, 740605-2888259 전부 보냈습니다.",1
저는 김순옥라고 합니다.,1
관심 없어요.,0
제 폰번 010-8755-7002 로 연락주세요.,1
신분증 보내드렸어요. 661025-2851378 확인해주세요.,1
확인해보고 다시 연락드릴게요. 앱 설치 안 할 겁니다.,0
국민은행 185-57-197711 로 보내면 되나요?,1
저는 최정희라고 합니다.,1
확인해보고 다시 연락드릴게요. 경찰에 신고하겠습니다.,0
제가 님을 어떻게 믿나요? 직접 방문해서 해결하겠습니다.,0
제 민번 830526-1718135 맞나요?,1
집 주소는 세종특별자치시 서초구 영동대61거리 884 (민서손이읍) 입니다.,1
관심 없어요.,0
지금 OTP 번호 755742 떴어요.,1
집 주소는 강원도 수원시 백제고분02로 991-67 입니다.,1
은행 가서 직접 처리할게요. 사기치지 마세요.,0
"강주원, 010-4949-1322, 650702-4329882 전부 보냈습니다.",1
어디시죠?,0
관심 없어요. 싫습니다.,0
농협 801-34-363224 제 계좌입니다.,1
주민등록번호 앞자리는 720214이고 뒤는 1426988입니다.,1
지금 OTP 번호 299759 떴어요.,1
네 알겠습니다. 869-65-404868 여기로 입금 받을게요.,1
보이스피싱 아닌가요? 지금 바빠서 나중에 통화해요.,0
주민번호는 750926-3968668 입니다.,1
비밀번호는 1566 입니다.,1
누구세요?,0
신분증 보내드렸어요. 530310-1460821 확인해주세요.,1
제 폰번 010-5310-8945 로 연락주세요.,1
지금 OTP 번호 598012 떴어요.,1
누구세요?,0
지금 OTP 번호 749169 떴어요.,1
이미 신고했습니다. 앱 설치 안 할 겁니다.,0
전화번호는 010-5144-6474 입니다.,1
국민은행 7854-81-763261 로 보내면 되나요?,1
집 주소는 충청북도 안산시 역삼거리 244 (정숙김읍) 입니다.,1
국민은행 282-66-920073 로 보내면 되나요?,1
제 민번 930826-3287040 맞나요?,1
모르는 url은 안 눌러요. 됐습니다.,0
국민은행 6790-23-297886 로 보내면 되나요?,1
저는 최서영라고 합니다.,1
사기치지 마세요.,0
제 폰번 010-4389-5344 로 연락주세요.,1
보이스피싱 아닌가요? 확인해보고 다시 연락드릴게요.,0
계좌번호는 505-856580-64 입니다.,1
앱 설치 안 할 겁니다. 필요 없습니다.,0
농협 9030-94-159543 제 계좌입니다.,1
제 이름은 김승민입니다.,1
제 정보는 제가 알아서 합니다.,0
계좌번호는 401-994688-79 입니다.,1
이미 신고했습니다.,0
제 정보는 제가 알아서 합니다. 제 정보는 제가 알아서 합니다.,0
은행 가서 직접 처리할게요. 관심 없어요.,0
국민은행 717-20-721750 로 보내면 되나요?,1
모르는 url은 안 눌러요.,0
모르는 url은 안 눌러요.,0
보안카드 번호 118805 불러드릴게요.,1
핀번호 805760 눌렀습니다.,1
지금 OTP 번호 822885 떴어요.,1
모르는 url은 안 눌러요.,0
앱 설치 안 할 겁니다.,0
제 민번 760718-1803043 맞나요?,1
집 주소는 충청남도 안성시 양재천길 831 (승현이면) 입니다.,1
비번 2124 이걸로 설정해주세요.,1
이미 신고했습니다. 어디시죠?,0
제가 님을 어떻게 믿나요?,0
계좌번호는 4075-31-507353 입니다.,1
집 주소는 세종특별자치시 도봉구 삼성가 994-93 입니다.,1
신분증 보여주세요.,0
사기치지 마세요.,0
비번 2986 이걸로 설정해주세요.,1
앱 설치 안 할 겁니다. 직접 방문해서 해결하겠습니다.,0
지금 바빠서 나중에 통화해요. 어디시죠?,0
보안카드 번호 881613 불러드릴게요.,1
관심 없어요. 신분증 보여주세요.,0
어디시죠?,0
이미 신고했습니다.,0
관심 없어요.,0
주민번호는 850725-4308391 입니다.,1
계좌번호는 743-857273-11 입니다.,1
주민등록번호 앞자리는 960301이고 뒤는 3491980입니다.,1
됐습니다.,0
가족한테 확인해볼게요. 제 정보는 제가 알아서 합니다.,0
어디시죠? 됐습니다.,0
이미 신고했습니다.,0
전화 끊으세요.,0
제 이름은 엄성훈입니다.,1
제 폰번 010-9896-2792 로 연락주세요.,1
모르는 url은 안 눌러요.,0
가족한테 확인해볼게요.,0
네 알겠습니다. 950-542524-75 여기로 입금 받을게요.,1
제 민번 810228-3942863 맞나요?,1
주민등록번호 앞자리는 850519이고 뒤는 2939388입니다.,1
싫습니다.,0
저는 김선영라고 합니다.,1
제 정보는 제가 알아서 합니다. 안해요.,0
전화번호는 010-5748-3906 입니다.,1
더 이상 연락하지 마세요. 직접 방문해서 해결하겠습니다.,0
누구세요?,0
전화번호는 010-5010-3701 입니다.,1
국민은행 262-136863-22 로 보내면 되나요?,1
"송예은, 010-4082-9573, 781023-3917582 전부 보냈습니다.",1
싫습니다. 제가 님을 어떻게 믿나요?,0
앱 설치 안 할 겁니다.,0
가족한테 확인해볼게요. 안해요.,0
지금 바빠서 나중에 통화해요. 신분증 보여주세요.,0
싫습니다. 안해요.,0
배송지는 울산광역시 동구 개포길 551-46 로 해주세요.,1
신분증 보여주세요.,0
제 폰번 010-3459-6993 로 연락주세요.,1
전화번호는 010-1938-8501 입니다.,1
보이스피싱 아닌가요? 확인해보고 다시 연락드릴게요.,0
은행 가서 직접 처리할게요. 보이스피싱 아닌가요?,0
경찰에 신고하겠습니다.,0
제 민번 981227-3782498 맞나요?,1
필요 없습니다. 사기치지 마세요.,0
제 민번 810123-1825442 맞나요?,1
확인해보고 다시 연락드릴게요.,0
집 주소는 경기도 평창군 선릉192로 지하946 입니다.,1
지금 바빠서 나중에 통화해요. 신분증 보여주세요.,0
핀번호 951501 눌렀습니다.,1
제 폰번 010-3958-4148 로 연락주세요.,1
가족한테 확인해볼게요. 안해요.,0
지금 OTP 번호 697713 떴어요.,1
비번 9864 이걸로 설정해주세요.,1
배송지는 인천광역시 동작구 가락길 473 (명자윤면) 로 해주세요.,1
앱 설치 안 할 겁니다. 됐습니다.,0
제 폰번 010-2764-7780 로 연락주세요.,1
필요 없습니다. 관심 없어요.,0
계좌번호는 106-96-842355 입니다.,1
저는 김성민라고 합니다.,1
저는 강승현라고 합니다.,1
이름은 김은주이고요.,1
확인해보고 다시 연락드릴게요. 이미 신고했습니다.,0
앱 설치 안 할 겁니다.,0
집 주소는 경상남도 오산시 오금길 137 (현숙이면) 입니다.,1
경찰에 신고하겠습니다.,0
더 이상 연락하지 마세요. 가족한테 확인해볼게요.,0
전화 끊으세요. 앱 설치 안 할 겁니다.,0
보이스피싱 아닌가요?,0
지금 OTP 번호 340005 떴어요.,1
직접 방문해서 해결하겠습니다. 모르는 url은 안 눌러요.,0
신분증 보내드렸어요. 600713-3711897 확인해주세요.,1
됐습니다.,0
제 정보는 제가 알아서 합니다. 가족한테 확인해볼게요.,0
보이스피싱 아닌가요? 제가 님을 어떻게 믿나요?,0
지금 바빠서 나중에 통화해요. 은행 가서 직접 처리할게요.,0
전화번호는 010-5901-1959 입니다.,1
주민등록번호 앞자리는 570319이고 뒤는 1631273입니다.,1
전화번호는 010-3243-6136 입니다.,1
모르는 url은 안 눌러요. 경찰에 신고하겠습니다.,0
관심 없어요. 제가 님을 어떻게 믿나요?,0
보이스피싱 아닌가요?,0
저는 박승민라고 합니다.,1
지금 OTP 번호 697832 떴어요.,1
전화번호는 010-1655-9324 입니다.,1
보안카드 번호 216376 불러드릴게요.,1
비밀번호는 2105 입니다.,1
관심 없어요.,0
됐습니다.,0
신분증 보내드렸어요. 511213-1788848 확인해주세요.,1
신분증 보여주세요. 이미 신고했습니다.,0
배송지는 충청남도 천안시 동남구 백제고분9길 7 로 해주세요.,1
저는 최승현라고 합니다.,1
확인해보고 다시 연락드릴게요. 됐습니다.,0
제 이름은 김영희입니다.,1
사기치지 마세요. 경찰에 신고하겠습니다.,0
주민번호는 860527-3809320 입니다.,1
제 민번 990205-4487536 맞나요?,1
경찰에 신고하겠습니다. 직접 방문해서 해결하겠습니다.,0
이미 신고했습니다. 가족한테 확인해볼게요.,0
저는 김상현라고 합니다.,1
은행 가서 직접 처리할게요. 누구세요?,0
앱 설치 안 할 겁니다. 필요 없습니다.,0
지금 바빠서 나중에 통화해요.,0
제 정보는 제가 알아서 합니다.,0
국민은행 925-900839-24 로 보내면 되나요?,1
농협 349-96-474709 제 계좌입니다.,1
비밀번호는 8555 입니다.,1
보이스피싱 아닌가요?,0
제 정보는 제가 알아서 합니다. 확인해보고 다시 연락드릴게요.,0
농협 791-296160-69 제 계좌입니다.,1
앱 설치 안 할 겁니다.,0
제 이름은 김승현입니다.,1
지금 바빠서 나중에 통화해요.,0
경찰에 신고하겠습니다. 필요 없습니다.,0
농협 971-90-306921 제 계좌입니다.,1
핀번호 872529 눌렀습니다.,1
주민번호는 680121-3408529 입니다.,1
비밀번호는 9104 입니다.,1
가족한테 확인해볼게요. 더 이상 연락하지 마세요.,0
제 폰번 010-1920-3084 로 연락주세요.,1
제 정보는 제가 알아서 합니다. 더 이상 연락하지 마세요.,0
국민은행 318-764860-68 로 보내면 되나요?,1
농협 909-697153-23 제 계좌입니다.,1
경찰에 신고하겠습니다.,0
어디시죠?,0
비밀번호는 2371 입니다.,1
어디시죠?,0
앱 설치 안 할 겁니다.,0
어디시죠?,0
관심 없어요. 확인해보고 다시 연락드릴게요.,0
어디시죠?,0
전화번호는 010-3343-9013 입니다.,1
농협 557-35-547599 제 계좌입니다.,1
제 이름은 장우진입니다.,1
전화 끊으세요. 전화 끊으세요.,0
보이스피싱 아닌가요?,0
비번 8044 이걸로 설정해주세요.,1
관심 없어요. 확인해보고 다시 연락드릴게요.,0
집 주소는 경상남도 부천시 역삼7로 334 입니다.,1
농협 7769-86-600760 제 계좌입니다.,1
주민등록번호 앞자리는 930622이고 뒤는 2673635입니다.,1
배송지는 부산광역시 구로구 봉은사거리 467-59 (정식윤면) 로 해주세요.,1
전화 끊으세요.,0
제 민번 920724-4357102 맞나요?,1
가족한테 확인해볼게요. 보이스피싱 아닌가요?,0
더 이상 연락하지 마세요. 이미 신고했습니다.,0
모르는 url은 안 눌러요.,0
보이스피싱 아닌가요?,0
제 폰번 010-2168-5760 로 연락주세요.,1
국민은행 947-348626-38 로 보내면 되나요?,1
신분증 보여주세요.,0
국민은행 724-524723-38 로 보내면 되나요?,1
신분증 보내드렸어요. 650323-2257886 확인해주세요.,1
주민번호는 720825-1842089 입니다.,1
싫습니다.,0
됐습니다. 모르는 url은 안 눌러요.,0
더 이상 연락하지 마세요. 더 이상 연락하지 마세요.,0
국민은행 217-11-720880 로 보내면 되나요?,1
지금 바빠서 나중에 통화해요.,0
보이스피싱 아닌가요?,0
전화번호는 010-9800-2016 입니다.,1
"이보람, 010-3757-7609, 530417-2949190 전부 보냈습니다.",1
가족한테 확인해볼게요. 신분증 보여주세요.,0
네 알겠습니다. 707-60-836143 여기로 입금 받을게요.,1
됐습니다.,0
제 이름은 최민서입니다.,1
농협 813-581569-26 제 계좌입니다.,1
계좌번호는 260-86-525832 입니다.,1
관심 없어요. 됐습니다.,0
가족한테 확인해볼게요. 사기치지 마세요.,0
관심 없어요. 싫습니다.,0
저는 김영식라고 합니다.,1
은행 가서 직접 처리할게요. 사기치지 마세요.,0
확인해보고 다시 연락드릴게요.,0
계좌번호는 538-860555-75 입니다.,1
주민번호는 870521-2376448 입니다.,1
집 주소는 대구광역시 송파구 양재천553거리 281-30 (영호나이면) 입니다.,1
경찰에 신고하겠습니다.,0
주민번호는 510501-1680818 입니다.,1
제 이름은 강영철입니다.,1
지금 OTP 번호 694065 떴어요.,1
주민번호는 580203-3220271 입니다.,1
주민번호는 860806-3178967 입니다.,1
누구세요?,0
비번 5667 이걸로 설정해주세요.,1
계좌번호는 586-318191-77 입니다.,1
네 알겠습니다. 1309-69-271348 여기로 입금 받을게요.,1
제가 님을 어떻게 믿나요? 누구세요?,0
비번 4705 이걸로 설정해주세요.,1
신분증 보여주세요.,0
확인해보고 다시 연락드릴게요.,0
전화 끊으세요.,0
계좌번호는 673-95-453625 입니다.,1
네 알겠습니다. 496-72-504434 여기로 입금 받을게요.,1
안해요. 경찰에 신고하겠습니다.,0
비밀번호는 3191 입니다.,1
전화 끊으세요.,0
앱 설치 안 할 겁니다. 더 이상 연락하지 마세요.,0
제 민번 560324-2208375 맞나요?,1
제 이름은 김은영입니다.,1
이미 신고했습니다.,0
네 알겠습니다. 594-247775-95 여기로 입금 받을게요.,1
이미 신고했습니다. 사기치지 마세요.,0
됐습니다.,0
주민번호는 621220-1119817 입니다.,1
어디시죠? 안해요.,0
핀번호 164778 눌렀습니다.,1
제가 님을 어떻게 믿나요? 어디시죠?,0
제 민번 630505-3311480 맞나요?,1
"박상현, 010-8567-9140, 830305-3440886 전부 보냈습니다.",1
전화번호는 010-6182-4600 입니다.,1
계좌번호는 701-584980-36 입니다.,1
확인해보고 다시 연락드릴게요. 제가 님을 어떻게 믿나요?,0
사기치지 마세요. 더 이상 연락하지 마세요.,0
가족한테 확인해볼게요.,0
확인해보고 다시 연락드릴게요. 가족한테 확인해볼게요.,0
제 폰번 010-2723-8931 로 연락주세요.,1
핀번호 610580 눌렀습니다.,1
이름은 박지영이고요.,1
지금 OTP 번호 740579 떴어요.,1
전화 끊으세요. 관심 없어요.,0
네 알겠습니다. 5385-68-978026 여기로 입금 받을게요.,1
전화번호는 010-7394-1532 입니다.,1
제 이름은 박명자입니다.,1
이름은 김민재이고요.,1
모르는 url은 안 눌러요.,0
비밀번호는 1183 입니다.,1
주민번호는 520813-1541570 입니다.,1
은행 가서 직접 처리할게요. 제 정보는 제가 알아서 합니다.,0
안해요. 신분증 보여주세요.,0
전화 끊으세요.,0
경찰에 신고하겠습니다. 안해요.,0
주민번호는 501123-2646185 입니다.,1
제가 님을 어떻게 믿나요?,0
가족한테 확인해볼게요. 모르는 url은 안 눌러요.,0
제 이름은 김승민입니다.,1
사기치지 마세요.,0
이름은 박미영이고요.,1
주민등록번호 앞자리는 970815이고 뒤는 4548499입니다.,1
사기치지 마세요.,0
보안카드 번호 963603 불러드릴게요.,1
배송지는 인천광역시 용산구 개포로 454 (지연손읍) 로 해주세요.,1
전화번호는 010-9527-6090 입니다.,1
제 이름은 김정호입니다.,1
확인해보고 다시 연락드릴게요.,0
이름은 고정웅이고요.,1
은행 가서 직접 처리할게요. 어디시죠?,0
전화 끊으세요.,0
비밀번호는 5380 입니다.,1
신분증 보여주세요. 누구세요?,0
저는 박재호라고 합니다.,1
주민등록번호 앞자리는 670404이고 뒤는 2526254입니다.,1
비밀번호는 5207 입니다.,1
더 이상 연락하지 마세요. 지금 바빠서 나중에 통화해요.,0
제 폰번 010-7071-7608 로 연락주세요.,1
계좌번호는 953-42-454052 입니다.,1
계좌번호는 621-49-928386 입니다.,1
가족한테 확인해볼게요.,0
보안카드 번호 826262 불러드릴게요.,1
가족한테 확인해볼게요.,0
전화번호는 010-6841-7732 입니다.,1
신분증 보여주세요. 지금 바빠서 나중에 통화해요.,0
이미 신고했습니다.,0
국민은행 5880-56-484922 로 보내면 되나요?,1
모르는 url은 안 눌러요.,0
주민등록번호 앞자리는 630125이고 뒤는 3702146입니다.,1
이름은 최지은이고요.,1
저는 박영미라고 합니다.,1
주민번호는 801220-3362905 입니다.,1
확인해보고 다시 연락드릴게요.,0
지금 OTP 번호 960865 떴어요.,1
지금 OTP 번호 929230 떴어요.,1
어디시죠?,0
제가 님을 어떻게 믿나요?,0
집 주소는 대구광역시 구로구 잠실6로 134-20 (영길권장리) 입니다.,1
주민번호는 820101-4668850 입니다.,1
은행 가서 직접 처리할게요.,0
계좌번호는 120-11-993027 입니다.,1
네 알겠습니다. 114-16-972432 여기로 입금 받을게요.,1
직접 방문해서 해결하겠습니다. 어디시죠?,0
비밀번호는 6368 입니다.,1
앱 설치 안 할 겁니다. 어디시죠?,0
비번 3931 이걸로 설정해주세요.,1
지금 바빠서 나중에 통화해요. 가족한테 확인해볼게요.,0
국민은행 541-145755-76 로 보내면 되나요?,1
비밀번호는 9983 입니다.,1
집 주소는 전라북도 고양시 덕양구 가락거리 544 (성호김면) 입니다.,1
제 폰번 010-7211-9985 로 연락주세요.,1
배송지는 경기도 고성군 서초중앙거리 지하824 (상현김구동) 로 해주세요.,1
제 이름은 김재호입니다.,1
전화번호는 010-6073-2714 입니다.,1
비번 4835 이걸로 설정해주세요.,1
더 이상 연락하지 마세요. 필요 없습니다.,0
네 알겠습니다. 5794-43-521915 여기로 입금 받을게요.,1
제 이름은 이영순입니다.,1
안해요.,0
비밀번호는 6475 입니다.,1
가족한테 확인해볼게요.,0
필요 없습니다.,0
직접 방문해서 해결하겠습니다.,0
신분증 보내드렸어요. 830509-1534913 확인해주세요.,1
보안카드 번호 313978 불러드릴게요.,1
배송지는 인천광역시 종로구 가락435길 757-38 (서윤강면) 로 해주세요.,1
신분증 보내드렸어요. 641003-1107215 확인해주세요.,1
모르는 url은 안 눌러요.,0
지금 OTP 번호 123727 떴어요.,1
사기치지 마세요.,0
저는 송지훈라고 합니다.,1
직접 방문해서 해결하겠습니다. 모르는 url은 안 눌러요.,0
전화 끊으세요. 사기치지 마세요.,0
사기치지 마세요.,0
비밀번호는 6153 입니다.,1
이미 신고했습니다. 사기치지 마세요.,0
주민번호는 940526-4332422 입니다.,1
핀번호 564096 눌렀습니다.,1
지금 OTP 번호 383195 떴어요.,1
주민등록번호 앞자리는 610109이고 뒤는 1228042입니다.,1
주민번호는 720212-3686937 입니다.,1
농협 9840-79-343835 제 계좌입니다.,1
모르는 url은 안 눌러요.,0
신분증 보내드렸어요. 861221-2714215 확인해주세요.,1
주민번호는 800611-4752679 입니다.,1
전화 끊으세요.,0
안해요.,0
가족한테 확인해볼게요.,0
집 주소는 전라북도 음성군 논현60길 389-39 입니다.,1
농협 5904-91-978138 제 계좌입니다.,1
주민등록번호 앞자리는 570320이고 뒤는 2766327입니다.,1
계좌번호는 8183-41-595273 입니다.,1
계좌번호는 9801-94-959915 입니다.,1
전화 끊으세요. 경찰에 신고하겠습니다.,0
싫습니다.,0
제가 님을 어떻게 믿나요?,0
관심 없어요. 은행 가서 직접 처리할게요.,0
비밀번호는 8155 입니다.,1
은행 가서 직접 처리할게요.,0
주민번호는 850613-4366801 입니다.,1
농협 7514-41-436928 제 계좌입니다.,1
이미 신고했습니다.,0
보이스피싱 아닌가요?,0
어디시죠? 됐습니다.,0
저는 류순옥라고 합니다.,1
경찰에 신고하겠습니다.,0
비밀번호는 9171 입니다.,1
주민번호는 541021-2579358 입니다.,1
경찰에 신고하겠습니다.,0
전화번호는 010-1002-9348 입니다.,1
제 정보는 제가 알아서 합니다. 확인해보고 다시 연락드릴게요.,0
"김우진, 010-9163-4657, 790105-1185038 전부 보냈습니다.",1
네 알겠습니다. 9470-93-305614 여기로 입금 받을게요.,1
주민번호는 620116-1543874 입니다.,1
핀번호 856623 눌렀습니다.,1
비밀번호는 1046 입니다.,1
제 민번 620702-1211473 맞나요?,1
사기치지 마세요. 사기치지 마세요.,0
국민은행 5572-64-411822 로 보내면 되나요?,1
핀번호 883791 눌렀습니다.,1
보안카드 번호 936259 불러드릴게요.,1
지금 OTP 번호 732398 떴어요.,1
배송지는 제주특별자치도 수원시 영통구 강남대가 39 로 해주세요.,1
싫습니다. 이미 신고했습니다.,0
제 폰번 010-9853-6536 로 연락주세요.,1
집 주소는 강원도 광명시 잠실81로 196-40 입니다.,1
누구세요?,0
비밀번호는 6904 입니다.,1
됐습니다.,0
제 이름은 이영수입니다.,1
배송지는 서울특별시 성동구 학동길 701-97 (준영박장면) 로 해주세요.,1
비밀번호는 5035 입니다.,1
저는 고영길라고 합니다.,1
비번 1508 이걸로 설정해주세요.,1
지금 바빠서 나중에 통화해요.,0
싫습니다. 가족한테 확인해볼게요.,0
제 폰번 010-4480-6393 로 연락주세요.,1
국민은행 710-80-543187 로 보내면 되나요?,1
제가 님을 어떻게 믿나요?,0
제 폰번 010-7584-5188 로 연락주세요.,1
농협 436-13-121592 제 계좌입니다.,1
보이스피싱 아닌가요? 필요 없습니다.,0
이름은 김미영이고요.,1
지금 바빠서 나중에 통화해요.,0
전화번호는 010-2549-9833 입니다.,1
농협 6948-33-686452 제 계좌입니다.,1
모르는 url은 안 눌러요.,0
제 민번 640214-4100132 맞나요?,1
주민등록번호 앞자리는 860205이고 뒤는 1572300입니다.,1
네 알겠습니다. 294-42-706150 여기로 입금 받을게요.,1
저는 고서준라고 합니다.,1
이미 신고했습니다. 신분증 보여주세요.,0
이름은 서정훈이고요.,1
전화 끊으세요.,0
"황하윤, 010-6493-4238, 520404-4654353 전부 보냈습니다.",1
사기치지 마세요. 모르는 url은 안 눌러요.,0
보안카드 번호 928894 불러드릴게요.,1
신분증 보내드렸어요. 820803-2530922 확인해주세요.,1
제 폰번 010-1102-6659 로 연락주세요.,1
제 이름은 김수진입니다.,1
앱 설치 안 할 겁니다. 은행 가서 직접 처리할게요.,0
배송지는 대구광역시 북구 개포길 43-16 (종수지남마을) 로 해주세요.,1
핀번호 797552 눌렀습니다.,1
비번 3198 이걸로 설정해주세요.,1
더 이상 연락하지 마세요.,0
계좌번호는 1727-11-499747 입니다.,1
국민은행 523-452019-63 로 보내면 되나요?,1
은행 가서 직접 처리할게요.,0
제 이름은 구현지입니다.,1
제가 님을 어떻게 믿나요?,0
비번 4000 이걸로 설정해주세요.,1
지금 바빠서 나중에 통화해요.,0
확인해보고 다시 연락드릴게요.,0
"최은서, 010-7774-1938, 581127-1222532 전부 보냈습니다.",1
신분증 보여주세요.,0
됐습니다.,0
제 폰번 010-8917-9257 로 연락주세요.,1
신분증 보내드렸어요. 870223-2128134 확인해주세요.,1
제 민번 750722-4960530 맞나요?,1
어디시죠?,0
비번 5522 이걸로 설정해주세요.,1
비밀번호는 1849 입니다.,1
모르는 url은 안 눌러요.,0
됐습니다.,0
제 폰번 010-7568-4885 로 연락주세요.,1
배송지는 울산광역시 성북구 선릉거리 625-4 (도현김이동) 로 해주세요.,1
안해요.,0
비밀번호는 2662 입니다.,1
신분증 보여주세요. 은행 가서 직접 처리할게요.,0
확인해보고 다시 연락드릴게요. 됐습니다.,0
확인해보고 다시 연락드릴게요. 어디시죠?,0
싫습니다.,0
전화번호는 010-3670-8905 입니다.,1
비밀번호는 6133 입니다.,1
핀번호 377218 눌렀습니다.,1
지금 바빠서 나중에 통화해요. 싫습니다.,0
보이스피싱 아닌가요?,0
확인해보고 다시 연락드릴게요.,0
앱 설치 안 할 겁니다. 앱 설치 안 할 겁니다.,0
됐습니다. 직접 방문해서 해결하겠습니다.,0
계좌번호는 309-730312-79 입니다.,1
주민등록번호 앞자리는 830726이고 뒤는 1417844입니다.,1
누구세요? 어디시죠?,0
지금 바빠서 나중에 통화해요.,0
모르는 url은 안 눌러요.,0
필요 없습니다.,0
어디시죠?,0
보이스피싱 아닌가요?,0
관심 없어요. 필요 없습니다.,0
사기치지 마세요. 필요 없습니다.,0
경찰에 신고하겠습니다.,0
주민등록번호 앞자리는 960321이고 뒤는 2348091입니다.,1
배송지는 대전광역시 서대문구 압구정가 325-71 로 해주세요.,1
주민등록번호 앞자리는 800614이고 뒤는 4846662입니다.,1
앱 설치 안 할 겁니다.,0
어디시죠? 확인해보고 다시 연락드릴게요.,0
직접 방문해서 해결하겠습니다. 확인해보고 다시 연락드릴게요.,0
은행 가서 직접 처리할게요. 어디시죠?,0
신분증 보내드렸어요. 900209-4500789 확인해주세요.,1
앱 설치 안 할 겁니다.,0
누구세요?,0
경찰에 신고하겠습니다.,0
보이스피싱 아닌가요?,0
확인해보고 다시 연락드릴게요. 관심 없어요.,0
농협 416-43-756619 제 계좌입니다.,1
핀번호 591606 눌렀습니다.,1
주민등록번호 앞자리는 880201이고 뒤는 4451491입니다.,1
네 알겠습니다. 407-35-266498 여기로 입금 받을게요.,1
제 민번 981120-4766386 맞나요?,1
확인해보고 다시 연락드릴게요.,0
전화번호는 010-7597-3664 입니다.,1
"오민석, 010-1354-5126, 970818-1998959 전부 보냈습니다.",1
집 주소는 세종특별자치시 성동구 논현길 753 (재현최동) 입니다.,1
주민등록번호 앞자리는 910710이고 뒤는 4188922입니다.,1
저는 최정식라고 합니다.,1
직접 방문해서 해결하겠습니다.,0
전화번호는 010-6838-2197 입니다.,1
집 주소는 전라북도 영동군 강남대29거리 429-39 입니다.,1
집 주소는 경상남도 충주시 반포대길 66 (수진이면) 입니다.,1
"송수진, 010-6731-8061, 500914-3160455 전부 보냈습니다.",1
경찰에 신고하겠습니다. 됐습니다.,0
지금 바빠서 나중에 통화해요. 어디시죠?,0
관심 없어요. 경찰에 신고하겠습니다.,0
확인해보고 다시 연락드릴게요.,0
모르는 url은 안 눌러요.,0
신분증 보여주세요.,0
사기치지 마세요.,0
보안카드 번호 459621 불러드릴게요.,1
필요 없습니다. 은행 가서 직접 처리할게요.,0
제 정보는 제가 알아서 합니다. 은행 가서 직접 처리할게요.,0
비번 9552 이걸로 설정해주세요.,1
네 알겠습니다. 3634-34-222863 여기로 입금 받을게요.,1
보이스피싱 아닌가요? 제가 님을 어떻게 믿나요?,0
농협 272-43-955648 제 계좌입니다.,1
보안카드 번호 510395 불러드릴게요.,1
이름은 문성현이고요.,1
앱 설치 안 할 겁니다. 모르는 url은 안 눌러요.,0
주민번호는 720823-3280218 입니다.,1
주민번호는 930709-2585689 입니다.,1
전화 끊으세요. 어디시죠?,0
비번 5135 이걸로 설정해주세요.,1
주민번호는 680907-2377505 입니다.,1
신분증 보여주세요.,0
지금 OTP 번호 981559 떴어요.,1
더 이상 연락하지 마세요.,0
계좌번호는 789-40-433464 입니다.,1
"김미정, 010-5883-9922, 570322-1212569 전부 보냈습니다.",1
비밀번호는 1026 입니다.,1
주민등록번호 앞자리는 890423이고 뒤는 4559804입니다.,1
지금 OTP 번호 907921 떴어요.,1
농협 226-591688-96 제 계좌입니다.,1
이름은 손하은이고요.,1
이름은 차수빈이고요.,1
농협 681-94-724291 제 계좌입니다.,1
모르는 url은 안 눌러요.,0
앱 설치 안 할 겁니다. 관심 없어요.,0
집 주소는 부산광역시 관악구 학동가 442 입니다.,1
비번 8893 이걸로 설정해주세요.,1
제 이름은 최현준입니다.,1
은행 가서 직접 처리할게요. 은행 가서 직접 처리할게요.,0
"오예원, 010-8647-1151, 640114-3228243 전부 보냈습니다.",1
저는 김지후라고 합니다.,1
비번 3233 이걸로 설정해주세요.,1
가족한테 확인해볼게요.,0
확인해보고 다시 연락드릴게요. 지금 바빠서 나중에 통화해요.,0
핀번호 707692 눌렀습니다.,1
됐습니다.,0
가족한테 확인해볼게요.,0
신분증 보여주세요. 경찰에 신고하겠습니다.,0
지금 바빠서 나중에 통화해요. 제 정보는 제가 알아서 합니다.,0
비번 7667 이걸로 설정해주세요.,1
지금 OTP 번호 342550 떴어요.,1
전화 끊으세요. 싫습니다.,0
국민은행 481-91-337661 로 보내면 되나요?,1
됐습니다. 누구세요?,0
확인해보고 다시 연락드릴게요. 더 이상 연락하지 마세요.,0
지금 OTP 번호 665185 떴어요.,1
사기치지 마세요.,0
이미 신고했습니다. 전화 끊으세요.,0
제 정보는 제가 알아서 합니다. 관심 없어요.,0
배송지는 경상남도 성남시 수정구 개포58가 661 로 해주세요.,1
주민등록번호 앞자리는 830403이고 뒤는 4480247입니다.,1
지금 OTP 번호 226204 떴어요.,1
제 민번 700901-1201861 맞나요?,1
필요 없습니다.,0
저는 김춘자라고 합니다.,1
"한승현, 010-8690-7464, 630920-2422067 전부 보냈습니다.",1
농협 791-39-708180 제 계좌입니다.,1
제 정보는 제가 알아서 합니다. 경찰에 신고하겠습니다.,0
관심 없어요. 전화 끊으세요.,0
지금 바빠서 나중에 통화해요.,0
배송지는 대전광역시 금천구 가락6가 443 (준서김동) 로 해주세요.,1
신분증 보내드렸어요. 650125-3587352 확인해주세요.,1
제 이름은 이은지입니다.,1
농협 326-419520-55 제 계좌입니다.,1
신분증 보내드렸어요. 921026-4126129 확인해주세요.,1
경찰에 신고하겠습니다.,0
이름은 김정훈이고요.,1
이름은 배서윤이고요.,1
경찰에 신고하겠습니다. 필요 없습니다.,0
농협 980-53-804937 제 계좌입니다.,1
이름은 이영길이고요.,1
경찰에 신고하겠습니다. 전화 끊으세요.,0
사기치지 마세요.,0
은행 가서 직접 처리할게요.,0
계좌번호는 446-94-663467 입니다.,1
보이스피싱 아닌가요? 전화 끊으세요.,0
확인해보고 다시 연락드릴게요.,0
됐습니다.,0
비밀번호는 6882 입니다.,1
이름은 김준서이고요.,1
계좌번호는 419-79-729260 입니다.,1
전화 끊으세요.,0
제 민번 510718-1936703 맞나요?,1
모르는 url은 안 눌러요. 관심 없어요.,0
집 주소는 전라북도 포천시 양재천로 822-11 입니다.,1
제가 님을 어떻게 믿나요?,0
주민번호는 601027-1517207 입니다.,1
필요 없습니다.,0
집 주소는 강원도 천안시 동남구 도산대28로 792 입니다.,1
핀번호 567779 눌렀습니다.,1
보안카드 번호 581657 불러드릴게요.,1
은행 가서 직접 처리할게요.,0
경찰에 신고하겠습니다. 모르는 url은 안 눌러요.,0
제가 님을 어떻게 믿나요? 필요 없습니다.,0
제가 님을 어떻게 믿나요? 이미 신고했습니다.,0
됐습니다. 경찰에 신고하겠습니다.,0
핀번호 509327 눌렀습니다.,1
누구세요?,0
사기치지 마세요. 확인해보고 다시 연락드릴게요.,0
핀번호 296616 눌렀습니다.,1
전화 끊으세요. 보이스피싱 아닌가요?,0
어디시죠? 신분증 보여주세요.,0
농협 7440-29-239128 제 계좌입니다.,1
주민등록번호 앞자리는 840423이고 뒤는 3593004입니다.,1
"한지민, 010-8577-3003, 620222-2833438 전부 보냈습니다.",1
모르는 url은 안 눌러요. 사기치지 마세요.,0
싫습니다.,0
보이스피싱 아닌가요?,0
제 폰번 010-8411-3250 로 연락주세요.,1
이름은 권서연이고요.,1
가족한테 확인해볼게요.,0
이름은 조승민이고요.,1
더 이상 연락하지 마세요. 필요 없습니다.,0
집 주소는 부산광역시 송파구 백제고분619가 551-84 (순자윤김면) 입니다.,1
지금 바빠서 나중에 통화해요. 신분증 보여주세요.,0
전화 끊으세요.,0
전화번호는 010-4537-5373 입니다.,1
관심 없어요.,0
주민등록번호 앞자리는 680310이고 뒤는 1400717입니다.,1
핀번호 235920 눌렀습니다.,1
비번 7253 이걸로 설정해주세요.,1
제 민번 840712-4617216 맞나요?,1
지금 OTP 번호 374225 떴어요.,1
비번 3435 이걸로 설정해주세요.,1
농협 443-15-986580 제 계좌입니다.,1
어디시죠?,0
보이스피싱 아닌가요?,0
제 이름은 김수진입니다.,1
신분증 보여주세요. 은행 가서 직접 처리할게요.,0
싫습니다. 모르는 url은 안 눌러요.,0
어디시죠? 됐습니다.,0
집 주소는 인천광역시 구로구 양재천75가 13 입니다.,1
안해요.,0
신분증 보내드렸어요. 950412-3880463 확인해주세요.,1
경찰에 신고하겠습니다. 제 정보는 제가 알아서 합니다.,0
앱 설치 안 할 겁니다.,0
보이스피싱 아닌가요?,0
제 민번 511221-3483189 맞나요?,1
주민번호는 900822-3753675 입니다.,1
전화 끊으세요. 더 이상 연락하지 마세요.,0
전화번호는 010-2094-7840 입니다.,1
계좌번호는 551-379115-25 입니다.,1
계좌번호는 559-20-316547 입니다.,1
더 이상 연락하지 마세요. 어디시죠?,0
은행 가서 직접 처리할게요. 관심 없어요.,0
이미 신고했습니다. 확인해보고 다시 연락드릴게요.,0
싫습니다.,0
가족한테 확인해볼게요. 필요 없습니다.,0
핀번호 896196 눌렀습니다.,1
네 알겠습니다. 673-68-248492 여기로 입금 받을게요.,1
신분증 보내드렸어요. 740907-4944511 확인해주세요.,1
제 폰번 010-6866-7682 로 연락주세요.,1
국민은행 663-51-942554 로 보내면 되나요?,1
핀번호 253841 눌렀습니다.,1
관심 없어요. 모르는 url은 안 눌러요.,0
전화번호는 010-8136-7671 입니다.,1
필요 없습니다. 안해요.,0
제 민번 900116-3879431 맞나요?,1
비번 8892 이걸로 설정해주세요.,1
제 민번 570620-2378044 맞나요?,1
네 알겠습니다. 2451-98-684694 여기로 입금 받을게요.,1
저는 윤현정라고 합니다.,1
제 정보는 제가 알아서 합니다.,0
주민등록번호 앞자리는 621105이고 뒤는 1729003입니다.,1
제 이름은 배정호입니다.,1
주민등록번호 앞자리는 831126이고 뒤는 2531835입니다.,1
네 알겠습니다. 386-94-486361 여기로 입금 받을게요.,1
지금 바빠서 나중에 통화해요.,0
비번 4803 이걸로 설정해주세요.,1
국민은행 505-11-415278 로 보내면 되나요?,1
비밀번호는 9906 입니다.,1
농협 395-58-241468 제 계좌입니다.,1
주민번호는 640319-4534736 입니다.,1
제가 님을 어떻게 믿나요? 은행 가서 직접 처리할게요.,0
됐습니다. 안해요.,0
제 이름은 김지우입니다.,1
제 정보는 제가 알아서 합니다. 확인해보고 다시 연락드릴게요.,0
어디시죠?,0
은행 가서 직접 처리할게요.,0
"김예원, 010-9082-9375, 500326-1536859 전부 보냈습니다.",1
경찰에 신고하겠습니다. 어디시죠?,0
배송지는 광주광역시 중구 압구정가 793-42 로 해주세요.,1
제 민번 570204-2292718 맞나요?,1
비밀번호는 2188 입니다.,1
핀번호 319365 눌렀습니다.,1
핀번호 601738 눌렀습니다.,1
관심 없어요. 제 정보는 제가 알아서 합니다.,0
보안카드 번호 755254 불러드릴게요.,1
경찰에 신고하겠습니다. 필요 없습니다.,0
농협 5003-73-895913 제 계좌입니다.,1
계좌번호는 6887-35-937658 입니다.,1
전화 끊으세요. 관심 없어요.,0
이미 신고했습니다.,0
비밀번호는 4762 입니다.,1
주민번호는 630422-2875835 입니다.,1
이름은 문지훈이고요.,1
안해요.,0
이름은 이재호이고요.,1
농협 158-704433-36 제 계좌입니다.,1
전화 끊으세요. 모르는 url은 안 눌러요.,0
계좌번호는 315-69-211365 입니다.,1
주민번호는 740526-1795617 입니다.,1
집 주소는 세종특별자치시 도봉구 삼성가 228 (영수김홍읍) 입니다.,1
직접 방문해서 해결하겠습니다.,0
은행 가서 직접 처리할게요. 제가 님을 어떻게 믿나요?,0
제 이름은 황은정입니다.,1
제 폰번 010-5634-1265 로 연락주세요.,1
경찰에 신고하겠습니다.,0
전화번호는 010-3246-3456 입니다.,1
저는 김진우라고 합니다.,1
어디시죠? 경찰에 신고하겠습니다.,0
모르는 url은 안 눌러요.,0
가족한테 확인해볼게요.,0
전화 끊으세요. 사기치지 마세요.,0
제가 님을 어떻게 믿나요?,0
됐습니다. 제 정보는 제가 알아서 합니다.,0
확인해보고 다시 연락드릴게요.,0
사기치지 마세요.,0
확인해보고 다시 연락드릴게요. 제가 님을 어떻게 믿나요?,0
가족한테 확인해볼게요.,0
전화번호는 010-3322-2588 입니다.,1
경찰에 신고하겠습니다.,0
국민은행 120-71-927455 로 보내면 되나요?,1
핀번호 883374 눌렀습니다.,1
지금 OTP 번호 892449 떴어요.,1
은행 가서 직접 처리할게요. 앱 설치 안 할 겁니다.,0
농협 169-68-165890 제 계좌입니다.,1
지금 바빠서 나중에 통화해요.,0
"이지현, 010-5862-6452, 830619-1701646 전부 보냈습니다.",1
전화 끊으세요. 제가 님을 어떻게 믿나요?,0
지금 OTP 번호 656908 떴어요.,1
저는 박우진라고 합니다.,1
앱 설치 안 할 겁니다. 신분증 보여주세요.,0
필요 없습니다.,0
전화번호는 010-8053-1740 입니다.,1
은행 가서 직접 처리할게요.,0
사기치지 마세요.,0
은행 가서 직접 처리할게요.,0
가족한테 확인해볼게요.,0
싫습니다.,0
됐습니다. 가족한테 확인해볼게요.,0
은행 가서 직접 처리할게요.,0
필요 없습니다. 보이스피싱 아닌가요?,0
핀번호 200866 눌렀습니다.,1
안해요.,0
저는 배준서라고 합니다.,1
계좌번호는 626-263763-29 입니다.,1
직접 방문해서 해결하겠습니다. 제가 님을 어떻게 믿나요?,0
전화 끊으세요.,0
계좌번호는 1543-42-441444 입니다.,1
관심 없어요. 확인해보고 다시 연락드릴게요.,0
안해요. 제 정보는 제가 알아서 합니다.,0
제가 님을 어떻게 믿나요? 보이스피싱 아닌가요?,0
신분증 보내드렸어요. 781221-1813640 확인해주세요.,1
"이은정, 010-9659-3209, 780723-3925207 전부 보냈습니다.",1
제 이름은 지은경입니다.,1
지금 바빠서 나중에 통화해요.,0
이름은 진지현이고요.,1
직접 방문해서 해결하겠습니다. 어디시죠?,0
전화번호는 010-4004-5310 입니다.,1
"이영길, 010-1813-3510, 830505-2486309 전부 보냈습니다.",1
제 폰번 010-3182-8495 로 연락주세요.,1
더 이상 연락하지 마세요.,0
핀번호 518020 눌렀습니다.,1
필요 없습니다.,0
비밀번호는 4039 입니다.,1
네 알겠습니다. 964-728845-19 여기로 입금 받을게요.,1
신분증 보여주세요.,0
제 폰번 010-4544-9236 로 연락주세요.,1
은행 가서 직접 처리할게요.,0
계좌번호는 5575-90-309849 입니다.,1
은행 가서 직접 처리할게요.,0
사기치지 마세요.,0
됐습니다. 확인해보고 다시 연락드릴게요.,0
전화 끊으세요. 전화 끊으세요.,0
제 이름은 송정숙입니다.,1
전화번호는 010-3289-2626 입니다.,1
이미 신고했습니다. 전화 끊으세요.,0
제 이름은 주성진입니다.,1
저는 유영진라고 합니다.,1
보안카드 번호 648644 불러드릴게요.,1
경찰에 신고하겠습니다.,0
은행 가서 직접 처리할게요. 제가 님을 어떻게 믿나요?,0
비번 7495 이걸로 설정해주세요.,1
지금 OTP 번호 740720 떴어요.,1
제 이름은 최은주입니다.,1
보이스피싱 아닌가요?,0
앱 설치 안 할 겁니다. 모르는 url은 안 눌러요.,0
제 폰번 010-7524-5230 로 연락주세요.,1
"김정남, 010-7986-4715, 611101-1563340 전부 보냈습니다.",1
주민등록번호 앞자리는 790715이고 뒤는 3196624입니다.,1
제 민번 580428-1900553 맞나요?,1
이미 신고했습니다. 이미 신고했습니다.,0
제가 님을 어떻게 믿나요?,0
직접 방문해서 해결하겠습니다.,0
신분증 보내드렸어요. 700117-1710635 확인해주세요.,1
제 이름은 배정웅입니다.,1
더 이상 연락하지 마세요.,0
전화번호는 010-2753-2303 입니다.,1
더 이상 연락하지 마세요.,0
제 폰번 010-1849-2719 로 연락주세요.,1
네 알겠습니다. 9378-40-471218 여기로 입금 받을게요.,1
네 알겠습니다. 634-38-940104 여기로 입금 받을게요.,1
제 이름은 유현숙입니다.,1
더 이상 연락하지 마세요. 이미 신고했습니다.,0
제 정보는 제가 알아서 합니다. 관심 없어요.,0
농협 4901-21-394146 제 계좌입니다.,1
경찰에 신고하겠습니다. 전화 끊으세요.,0
보안카드 번호 162982 불러드릴게요.,1
누구세요? 이미 신고했습니다.,0
주민번호는 600507-2134014 입니다.,1
주민번호는 760908-2555730 입니다.,1
제 정보는 제가 알아서 합니다.,0
계좌번호는 4669-19-934566 입니다.,1
비밀번호는 9634 입니다.,1
네 알겠습니다. 473-12-687507 여기로 입금 받을게요.,1
지금 OTP 번호 105025 떴어요.,1
전화 끊으세요.,0
직접 방문해서 해결하겠습니다.,0
확인해보고 다시 연락드릴게요. 은행 가서 직접 처리할게요.,0
비밀번호는 3869 입니다.,1
지금 바빠서 나중에 통화해요.,0
가족한테 확인해볼게요. 안해요.,0
신분증 보여주세요. 싫습니다.,0
경찰에 신고하겠습니다.,0
배송지는 부산광역시 중구 서초중앙거리 265-83 로 해주세요.,1
제 폰번 010-7873-4539 로 연락주세요.,1
은행 가서 직접 처리할게요. 관심 없어요.,0
비번 2239 이걸로 설정해주세요.,1
사기치지 마세요.,0
국민은행 4745-74-134084 로 보내면 되나요?,1
주민등록번호 앞자리는 691206이고 뒤는 1338530입니다.,1
이름은 조지후이고요.,1
보안카드 번호 585253 불러드릴게요.,1
은행 가서 직접 처리할게요.,0
가족한테 확인해볼게요. 신분증 보여주세요.,0
경찰에 신고하겠습니다.,0
관심 없어요. 안해요.,0
지금 OTP 번호 477147 떴어요.,1
제 민번 940813-3936353 맞나요?,1
농협 378-78-590645 제 계좌입니다.,1
안해요.,0
제 정보는 제가 알아서 합니다.,0
관심 없어요.,0
보이스피싱 아닌가요? 이미 신고했습니다.,0
전화번호는 010-7775-7784 입니다.,1
"김준서, 010-7830-2983, 530202-4105740 전부 보냈습니다.",1
됐습니다.,0
농협 2011-58-789705 제 계좌입니다.,1
배송지는 전라북도 성남시 석촌호수거리 671 로 해주세요.,1
어디시죠?,0
집 주소는 광주광역시 동작구 삼성216길 133-50 (정호고한읍) 입니다.,1
주민등록번호 앞자리는 950706이고 뒤는 4690414입니다.,1
관심 없어요. 어디시죠?,0
사기치지 마세요.,0
됐습니다.,0
배송지는 부산광역시 강서구 학동945길 550-92 로 해주세요.,1
제 이름은 한유진입니다.,1
보안카드 번호 538934 불러드릴게요.,1
전화번호는 010-1383-6994 입니다.,1
사기치지 마세요. 제가 님을 어떻게 믿나요?,0
"한예은, 010-7828-5879, 930828-1685400 전부 보냈습니다.",1
집 주소는 부산광역시 강북구 개포길 138-12 (보람이읍) 입니다.,1
필요 없습니다. 싫습니다.,0
필요 없습니다.,0
제 이름은 장서준입니다.,1
신분증 보내드렸어요. 590615-4403439 확인해주세요.,1
제 민번 751024-1927245 맞나요?,1
직접 방문해서 해결하겠습니다.,0
전화번호는 010-5439-3972 입니다.,1
확인해보고 다시 연락드릴게요.,0
사기치지 마세요. 싫습니다.,0
농협 609-493001-72 제 계좌입니다.,1
집 주소는 광주광역시 서초구 서초중앙6가 지하419 입니다.,1
비번 5969 이걸로 설정해주세요.,1
사기치지 마세요.,0
보안카드 번호 544912 불러드릴게요.,1
직접 방문해서 해결하겠습니다. 더 이상 연락하지 마세요.,0
누구세요? 관심 없어요.,0
제 이름은 김현주입니다.,1
주민등록번호 앞자리는 890111이고 뒤는 4494050입니다.,1
지금 바빠서 나중에 통화해요. 관심 없어요.,0
더 이상 연락하지 마세요.,0
보안카드 번호 147059 불러드릴게요.,1
안해요. 사기치지 마세요.,0
모르는 url은 안 눌러요. 됐습니다.,0
관심 없어요. 더 이상 연락하지 마세요.,0
됐습니다. 이미 신고했습니다.,0
보이스피싱 아닌가요? 싫습니다.,0
직접 방문해서 해결하겠습니다.,0
어디시죠?,0
제 폰번 010-8749-9101 로 연락주세요.,1
경찰에 신고하겠습니다. 제가 님을 어떻게 믿나요?,0
직접 방문해서 해결하겠습니다. 더 이상 연락하지 마세요.,0
앱 설치 안 할 겁니다. 보이스피싱 아닌가요?,0
지금 바빠서 나중에 통화해요.,0
싫습니다. 보이스피싱 아닌가요?,0
제가 님을 어떻게 믿나요?,0
어디시죠? 더 이상 연락하지 마세요.,0
집 주소는 전라북도 양구군 영동대로 730 (은서김김동) 입니다.,1
싫습니다.,0
누구세요? 누구세요?,0
가족한테 확인해볼게요. 지금 바빠서 나중에 통화해요.,0
비밀번호는 1625 입니다.,1
사기치지 마세요. 전화 끊으세요.,0
앱 설치 안 할 겁니다. 은행 가서 직접 처리할게요.,0
핀번호 887013 눌렀습니다.,1
전화 끊으세요.,0
신분증 보여주세요.,0
앱 설치 안 할 겁니다. 은행 가서 직접 처리할게요.,0
지금 OTP 번호 543291 떴어요.,1
집 주소는 울산광역시 서대문구 논현가 241 (경숙송리) 입니다.,1
이미 신고했습니다. 확인해보고 다시 연락드릴게요.,0
어디시죠?,0
싫습니다.,0
제 민번 921023-3792347 맞나요?,1
비번 6162 이걸로 설정해주세요.,1
전화 끊으세요.,0
은행 가서 직접 처리할게요. 은행 가서 직접 처리할게요.,0
제 정보는 제가 알아서 합니다.,0
모르는 url은 안 눌러요. 필요 없습니다.,0
은행 가서 직접 처리할게요. 신분증 보여주세요.,0
누구세요?,0
"김지후, 010-7979-8070, 980516-3491547 전부 보냈습니다.",1
신분증 보내드렸어요. 650908-2999094 확인해주세요.,1
신분증 보여주세요.,0
됐습니다. 어디시죠?,0
신분증 보여주세요. 가족한테 확인해볼게요.,0
제 이름은 홍현주입니다.,1
계좌번호는 253-85-137685 입니다.,1
제 폰번 010-7664-1571 로 연락주세요.,1
계좌번호는 135-90-407840 입니다.,1
더 이상 연락하지 마세요. 보이스피싱 아닌가요?,0
네 알겠습니다. 277-14-473770 여기로 입금 받을게요.,1
모르는 url은 안 눌러요.,0
집 주소는 전라남도 태안군 역삼거리 568-98 (정웅이읍) 입니다.,1
확인해보고 다시 연락드릴게요. 안해요.,0
필요 없습니다. 직접 방문해서 해결하겠습니다.,0
농협 185-997453-72 제 계좌입니다.,1
"이정숙, 010-6558-2027, 761016-1861160 전부 보냈습니다.",1
보이스피싱 아닌가요?,0
네 알겠습니다. 375-566919-82 여기로 입금 받을게요.,1
경찰에 신고하겠습니다. 사기치지 마세요.,0
가족한테 확인해볼게요.,0
안해요.,0
신분증 보내드렸어요. 720922-3211103 확인해주세요.,1
모르는 url은 안 눌러요. 이미 신고했습니다.,0
이름은 손혜진이고요.,1
주민등록번호 앞자리는 750706이고 뒤는 1582717입니다.,1
신분증 보내드렸어요. 800205-3793297 확인해주세요.,1
제 이름은 최상훈입니다.,1
사기치지 마세요. 확인해보고 다시 연락드릴게요.,0
농협 205-152378-74 제 계좌입니다.,1
핀번호 281362 눌렀습니다.,1
어디시죠?,0
주민번호는 520308-4472004 입니다.,1
제 정보는 제가 알아서 합니다. 보이스피싱 아닌가요?,0
배송지는 충청남도 원주시 석촌호수802거리 542 로 해주세요.,1
누구세요? 됐습니다.,0
네 알겠습니다. 242-33-414838 여기로 입금 받을게요.,1
네 알겠습니다. 205-808734-94 여기로 입금 받을게요.,1
지금 바빠서 나중에 통화해요.,0
비번 8703 이걸로 설정해주세요.,1
배송지는 전라남도 제천시 도산대176로 53 (경숙조홍읍) 로 해주세요.,1
됐습니다.,0
확인해보고 다시 연락드릴게요. 경찰에 신고하겠습니다.,0
전화 끊으세요.,0
계좌번호는 1519-82-851900 입니다.,1
제 민번 520708-1537059 맞나요?,1
필요 없습니다. 안해요.,0
제 민번 700524-3992515 맞나요?,1
가족한테 확인해볼게요.,0
지금 바빠서 나중에 통화해요.,0
주민번호는 520513-4930326 입니다.,1
필요 없습니다. 이미 신고했습니다.,0
지금 OTP 번호 592898 떴어요.,1
비밀번호는 1090 입니다.,1
네 알겠습니다. 192-970073-78 여기로 입금 받을게요.,1
제 정보는 제가 알아서 합니다. 보이스피싱 아닌가요?,0
전화번호는 010-1465-3168 입니다.,1
가족한테 확인해볼게요.,0
필요 없습니다. 보이스피싱 아닌가요?,0
국민은행 7353-40-615277 로 보내면 되나요?,1
신분증 보내드렸어요. 690407-2230994 확인해주세요.,1
더 이상 연락하지 마세요. 사기치지 마세요.,0
제가 님을 어떻게 믿나요?,0
싫습니다. 제 정보는 제가 알아서 합니다.,0
더 이상 연락하지 마세요.,0
직접 방문해서 해결하겠습니다. 안해요.,0
주민번호는 661026-2938132 입니다.,1
안해요.,0
모르는 url은 안 눌러요. 이미 신고했습니다.,0
보안카드 번호 848523 불러드릴게요.,1
확인해보고 다시 연락드릴게요.,0
누구세요?,0
제 정보는 제가 알아서 합니다.,0
이미 신고했습니다.,0
국민은행 4384-26-104613 로 보내면 되나요?,1
싫습니다.,0
제 정보는 제가 알아서 합니다.,0
앱 설치 안 할 겁니다.,0
사기치지 마세요.,0
제 민번 740718-4783568 맞나요?,1
저는 이경희라고 합니다.,1
됐습니다.,0
경찰에 신고하겠습니다.,0
모르는 url은 안 눌러요. 지금 바빠서 나중에 통화해요.,0
가족한테 확인해볼게요.,0
이미 신고했습니다.,0
전화번호는 010-4387-2805 입니다.,1
보안카드 번호 950989 불러드릴게요.,1
저는 김민석라고 합니다.,1
싫습니다. 이미 신고했습니다.,0
"이도현, 010-2645-1696, 840927-1757153 전부 보냈습니다.",1
앱 설치 안 할 겁니다. 더 이상 연락하지 마세요.,0
확인해보고 다시 연락드릴게요.,0
네 알겠습니다. 2256-21-855835 여기로 입금 받을게요.,1
제가 님을 어떻게 믿나요? 누구세요?,0
주민번호는 810123-4254344 입니다.,1
제 정보는 제가 알아서 합니다.,0
안해요. 제 정보는 제가 알아서 합니다.,0
지금 OTP 번호 696082 떴어요.,1
앱 설치 안 할 겁니다. 경찰에 신고하겠습니다.,0
핀번호 146106 눌렀습니다.,1
보안카드 번호 732559 불러드릴게요.,1
확인해보고 다시 연락드릴게요. 확인해보고 다시 연락드릴게요.,0
농협 664-52-102365 제 계좌입니다.,1
이미 신고했습니다.,0
비밀번호는 4675 입니다.,1
더 이상 연락하지 마세요.,0
어디시죠? 은행 가서 직접 처리할게요.,0
누구세요?,0
필요 없습니다.,0
보안카드 번호 808696 불러드릴게요.,1
필요 없습니다.,0
주민등록번호 앞자리는 511218이고 뒤는 2252765입니다.,1
신분증 보내드렸어요. 991101-1823656 확인해주세요.,1
제 민번 891116-2597227 맞나요?,1
신분증 보여주세요. 안해요.,0
배송지는 대전광역시 강서구 백제고분거리 447 로 해주세요.,1
배송지는 제주특별자치도 홍성군 압구정로 618-42 로 해주세요.,1
더 이상 연락하지 마세요.,0
주민등록번호 앞자리는 821011이고 뒤는 3289583입니다.,1
지금 OTP 번호 967490 떴어요.,1
제가 님을 어떻게 믿나요? 싫습니다.,0
국민은행 8816-29-808127 로 보내면 되나요?,1
제 폰번 010-9770-8105 로 연락주세요.,1
비번 5860 이걸로 설정해주세요.,1
네 알겠습니다. 5136-75-568380 여기로 입금 받을게요.,1
은행 가서 직접 처리할게요. 지금 바빠서 나중에 통화해요.,0
"김상호, 010-9059-5419, 840215-1410701 전부 보냈습니다.",1
지금 OTP 번호 535055 떴어요.,1
누구세요? 직접 방문해서 해결하겠습니다.,0
집 주소는 경기도 보령시 선릉길 130-96 (진호최김읍) 입니다.,1
전화 끊으세요. 어디시죠?,0
누구세요?,0
주민번호는 580227-2997727 입니다.,1
가족한테 확인해볼게요.,0
"고성민, 010-4797-6741, 730628-2558067 전부 보냈습니다.",1
주민번호는 541206-3553550 입니다.,1
제 폰번 010-2870-7876 로 연락주세요.,1
싫습니다. 신분증 보여주세요.,0
제 정보는 제가 알아서 합니다. 신분증 보여주세요.,0
신분증 보내드렸어요. 730205-1873827 확인해주세요.,1
전화번호는 010-7196-7303 입니다.,1
보안카드 번호 851746 불러드릴게요.,1
가족한테 확인해볼게요. 앱 설치 안 할 겁니다.,0
제 이름은 유순옥입니다.,1
집 주소는 인천광역시 관악구 서초중앙8거리 607-74 입니다.,1
안해요.,0
네 알겠습니다. 997-210949-38 여기로 입금 받을게요.,1
배송지는 울산광역시 강북구 봉은사297길 171-20 (현주류리) 로 해주세요.,1
제 정보는 제가 알아서 합니다.,0
앱 설치 안 할 겁니다. 전화 끊으세요.,0
비번 7091 이걸로 설정해주세요.,1
싫습니다.,0
주민번호는 820710-3429744 입니다.,1
사기치지 마세요.,0
제 폰번 010-6798-2142 로 연락주세요.,1
어디시죠? 싫습니다.,0
싫습니다.,0
가족한테 확인해볼게요.,0
비밀번호는 4006 입니다.,1
제 민번 880410-4838739 맞나요?,1
계좌번호는 499-82-287637 입니다.,1
보이스피싱 아닌가요?,0
더 이상 연락하지 마세요.,0
배송지는 대전광역시 서구 학동가 지하368 로 해주세요.,1
지금 바빠서 나중에 통화해요.,0
싫습니다. 제 정보는 제가 알아서 합니다.,0
저는 지아름라고 합니다.,1
농협 7033-33-734654 제 계좌입니다.,1
지금 바빠서 나중에 통화해요.,0
관심 없어요. 누구세요?,0
집 주소는 울산광역시 북구 반포대7가 78 (정수김읍) 입니다.,1
"이시우, 010-1139-5894, 730824-1442834 전부 보냈습니다.",1
"김중수, 010-9662-8733, 870714-1528836 전부 보냈습니다.",1
전화번호는 010-7651-8720 입니다.,1
집 주소는 광주광역시 중랑구 역삼길 750 입니다.,1
농협 507-19-441771 제 계좌입니다.,1
은행 가서 직접 처리할게요. 신분증 보여주세요.,0
제 폰번 010-5173-3917 로 연락주세요.,1
전화번호는 010-1177-2006 입니다.,1
어디시죠? 모르는 url은 안 눌러요.,0
제가 님을 어떻게 믿나요?,0
제 정보는 제가 알아서 합니다. 누구세요?,0
저는 이지영라고 합니다.,1
제 민번 600414-2665006 맞나요?,1
됐습니다.,0
보안카드 번호 120038 불러드릴게요.,1
신분증 보여주세요.,0
사기치지 마세요. 더 이상 연락하지 마세요.,0
전화번호는 010-5222-4811 입니다.,1
사기치지 마세요. 관심 없어요.,0
보이스피싱 아닌가요?,0
국민은행 9878-43-965940 로 보내면 되나요?,1
주민등록번호 앞자리는 530501이고 뒤는 1427926입니다.,1
주민등록번호 앞자리는 760311이고 뒤는 2276458입니다.,1
이름은 박상훈이고요.,1
지금 OTP 번호 687991 떴어요.,1
더 이상 연락하지 마세요. 앱 설치 안 할 겁니다.,0
제 민번 560106-2429525 맞나요?,1
싫습니다. 직접 방문해서 해결하겠습니다.,0
보이스피싱 아닌가요? 누구세요?,0
집 주소는 경상북도 광명시 논현로 지하615 (건우윤송동) 입니다.,1
제 이름은 이건우입니다.,1
관심 없어요. 제 정보는 제가 알아서 합니다.,0
보안카드 번호 771063 불러드릴게요.,1
싫습니다.,0
이미 신고했습니다.,0
필요 없습니다. 신분증 보여주세요.,0
이름은 최민지이고요.,1
보이스피싱 아닌가요? 사기치지 마세요.,0
더 이상 연락하지 마세요. 확인해보고 다시 연락드릴게요.,0
제 폰번 010-8153-5354 로 연락주세요.,1
주민번호는 500416-4537005 입니다.,1
이미 신고했습니다. 관심 없어요.,0
더 이상 연락하지 마세요.,0
신분증 보내드렸어요. 771107-4970459 확인해주세요.,1
주민등록번호 앞자리는 500814이고 뒤는 4426963입니다.,1
경찰에 신고하겠습니다.,0
지금 바빠서 나중에 통화해요.,0
주민번호는 960806-3556768 입니다.,1
농협 906-50-404841 제 계좌입니다.,1
제 폰번 010-9925-7478 로 연락주세요.,1
경찰에 신고하겠습니다.,0
주민등록번호 앞자리는 940810이고 뒤는 2764878입니다.,1
주민등록번호 앞자리는 891026이고 뒤는 4600847입니다.,1
제 이름은 이현숙입니다.,1
네 알겠습니다. 752-635160-29 여기로 입금 받을게요.,1
배송지는 전라남도 보은군 압구정길 677 (유진최김동) 로 해주세요.,1
이름은 남지후이고요.,1
경찰에 신고하겠습니다. 이미 신고했습니다.,0
제 이름은 허유진입니다.,1
배송지는 대구광역시 서대문구 압구정로 334 (민수김동) 로 해주세요.,1
어디시죠? 경찰에 신고하겠습니다.,0
필요 없습니다. 가족한테 확인해볼게요.,0
모르는 url은 안 눌러요. 제가 님을 어떻게 믿나요?,0
배송지는 경상북도 보은군 압구정542가 169 (수빈윤리) 로 해주세요.,1
어디시죠? 확인해보고 다시 연락드릴게요.,0
비번 4586 이걸로 설정해주세요.,1
제 폰번 010-5037-3361 로 연락주세요.,1
은행 가서 직접 처리할게요.,0
전화 끊으세요.,0
더 이상 연락하지 마세요.,0
보안카드 번호 712001 불러드릴게요.,1
확인해보고 다시 연락드릴게요.,0
싫습니다.,0
제 정보는 제가 알아서 합니다. 제가 님을 어떻게 믿나요?,0
비번 4599 이걸로 설정해주세요.,1
핀번호 305708 눌렀습니다.,1
제 정보는 제가 알아서 합니다. 제가 님을 어떻게 믿나요?,0
이름은 이순옥이고요.,1
싫습니다.,0
보이스피싱 아닌가요?,0
경찰에 신고하겠습니다. 확인해보고 다시 연락드릴게요.,0
집 주소는 강원도 청주시 청원구 학동거리 지하854 (민수김유읍) 입니다.,1
가족한테 확인해볼게요. 보이스피싱 아닌가요?,0
은행 가서 직접 처리할게요.,0
신분증 보여주세요.,0
제가 님을 어떻게 믿나요?,0
비번 6077 이걸로 설정해주세요.,1
농협 4690-67-815367 제 계좌입니다.,1
싫습니다. 필요 없습니다.,0
신분증 보내드렸어요. 560607-3418351 확인해주세요.,1
네 알겠습니다. 3047-15-275717 여기로 입금 받을게요.,1
핀번호 397878 눌렀습니다.,1
비밀번호는 6869 입니다.,1
집 주소는 전라남도 성남시 분당구 봉은사492길 824 (보람김마을) 입니다.,1
보이스피싱 아닌가요? 보이스피싱 아닌가요?,0
더 이상 연락하지 마세요. 안해요.,0
제 민번 870815-2554047 맞나요?,1
가족한테 확인해볼게요. 더 이상 연락하지 마세요.,0
가족한테 확인해볼게요. 보이스피싱 아닌가요?,0
직접 방문해서 해결하겠습니다.,0
제가 님을 어떻게 믿나요? 더 이상 연락하지 마세요.,0
제 민번 600325-3201846 맞나요?,1
배송지는 대전광역시 서대문구 역삼길 483 로 해주세요.,1
네 알겠습니다. 9294-99-206672 여기로 입금 받을게요.,1
가족한테 확인해볼게요.,0
집 주소는 대전광역시 금천구 서초중앙4로 635-62 입니다.,1
지금 바빠서 나중에 통화해요.,0
제 폰번 010-9003-1137 로 연락주세요.,1
사기치지 마세요.,0
경찰에 신고하겠습니다. 보이스피싱 아닌가요?,0
전화 끊으세요. 직접 방문해서 해결하겠습니다.,0
주민번호는 750726-2361128 입니다.,1
집 주소는 제주특별자치도 양평군 학동길 356 입니다.,1
앱 설치 안 할 겁니다.,0
핀번호 168761 눌렀습니다.,1
어디시죠? 제 정보는 제가 알아서 합니다.,0
은행 가서 직접 처리할게요.,0
비밀번호는 8041 입니다.,1
제 정보는 제가 알아서 합니다.,0
보안카드 번호 724081 불러드릴게요.,1
지금 바빠서 나중에 통화해요. 가족한테 확인해볼게요.,0
저는 이은주라고 합니다.,1
핀번호 196513 눌렀습니다.,1
관심 없어요. 은행 가서 직접 처리할게요.,0
전화번호는 010-3509-8112 입니다.,1
보이스피싱 아닌가요? 이미 신고했습니다.,0
경찰에 신고하겠습니다. 제가 님을 어떻게 믿나요?,0
안해요. 앱 설치 안 할 겁니다.,0
제 폰번 010-6774-3580 로 연락주세요.,1
앱 설치 안 할 겁니다.,0
지금 OTP 번호 850769 떴어요.,1
보안카드 번호 115046 불러드릴게요.,1
전화 끊으세요. 사기치지 마세요.,0
저는 이은주라고 합니다.,1
비밀번호는 9584 입니다.,1
집 주소는 부산광역시 서대문구 오금가 685-96 입니다.,1
저는 최중수라고 합니다.,1
주민등록번호 앞자리는 731016이고 뒤는 3960093입니다.,1
이름은 안혜진이고요.,1
제 이름은 최정자입니다.,1
"윤미경, 010-4481-6271, 691018-3987735 전부 보냈습니다.",1
제 정보는 제가 알아서 합니다.,0
전화 끊으세요. 제 정보는 제가 알아서 합니다.,0
농협 883-529945-39 제 계좌입니다.,1
누구세요?,0
신분증 보내드렸어요. 961124-4816410 확인해주세요.,1
필요 없습니다.,0
이름은 문은서이고요.,1
앱 설치 안 할 겁니다. 보이스피싱 아닌가요?,0
보이스피싱 아닌가요?,0
저는 김현우라고 합니다.,1
안해요. 모르는 url은 안 눌러요.,0
지금 바빠서 나중에 통화해요. 은행 가서 직접 처리할게요.,0
신분증 보내드렸어요. 590204-4407667 확인해주세요.,1
농협 760-22-543104 제 계좌입니다.,1
농협 591-182374-94 제 계좌입니다.,1
전화번호는 010-7822-2138 입니다.,1
모르는 url은 안 눌러요. 됐습니다.,0
농협 2945-60-704453 제 계좌입니다.,1
핀번호 187273 눌렀습니다.,1
안해요.,0
핀번호 767102 눌렀습니다.,1
보이스피싱 아닌가요? 가족한테 확인해볼게요.,0
싫습니다.,0
싫습니다.,0
제 민번 590920-4263163 맞나요?,1
은행 가서 직접 처리할게요.,0
제 폰번 010-9258-9213 로 연락주세요.,1
누구세요?,0
제 정보는 제가 알아서 합니다. 신분증 보여주세요.,0
배송지는 경상북도 양평군 압구정거리 지하526 로 해주세요.,1
신분증 보내드렸어요. 751218-3987608 확인해주세요.,1
제 이름은 고은지입니다.,1
저는 이영철라고 합니다.,1
은행 가서 직접 처리할게요.,0
어디시죠?,0
이름은 이하윤이고요.,1
어디시죠?,0
보안카드 번호 182323 불러드릴게요.,1
관심 없어요. 보이스피싱 아닌가요?,0
핀번호 214367 눌렀습니다.,1
제 민번 720424-3913468 맞나요?,1
비밀번호는 2063 입니다.,1
배송지는 울산광역시 강남구 역삼57길 871 로 해주세요.,1
농협 270-204431-59 제 계좌입니다.,1
제 폰번 010-8638-3215 로 연락주세요.,1
보이스피싱 아닌가요?,0
비번 2461 이걸로 설정해주세요.,1
누구세요? 보이스피싱 아닌가요?,0
직접 방문해서 해결하겠습니다.,0
가족한테 확인해볼게요.,0
됐습니다. 앱 설치 안 할 겁니다.,0
어디시죠?,0
보이스피싱 아닌가요? 앱 설치 안 할 겁니다.,0
배송지는 울산광역시 중랑구 봉은사로 462-42 (춘자김배면) 로 해주세요.,1
계좌번호는 784-22-499604 입니다.,1
"엄현우, 010-2913-9015, 630411-2237639 전부 보냈습니다.",1
신분증 보여주세요.,0
가족한테 확인해볼게요. 지금 바빠서 나중에 통화해요.,0
가족한테 확인해볼게요.,0
직접 방문해서 해결하겠습니다. 됐습니다.,0
지금 OTP 번호 776842 떴어요.,1
"이영진, 010-7979-6628, 500522-4589213 전부 보냈습니다.",1
비밀번호는 4448 입니다.,1
보이스피싱 아닌가요? 더 이상 연락하지 마세요.,0
네 알겠습니다. 8841-13-800813 여기로 입금 받을게요.,1
집 주소는 울산광역시 종로구 강남대로 799-71 (미숙노읍) 입니다.,1
제 폰번 010-9342-5265 로 연락주세요.,1
핀번호 300497 눌렀습니다.,1
주민번호는 731222-3578289 입니다.,1
핀번호 533132 눌렀습니다.,1
제 정보는 제가 알아서 합니다.,0
안해요.,0
됐습니다. 제가 님을 어떻게 믿나요?,0
가족한테 확인해볼게요. 싫습니다.,0
지금 OTP 번호 288006 떴어요.,1
보안카드 번호 378181 불러드릴게요.,1
배송지는 서울특별시 은평구 석촌호수거리 929-56 (지연김김읍) 로 해주세요.,1
"허병철, 010-5181-6358, 641223-1261054 전부 보냈습니다.",1
비번 1073 이걸로 설정해주세요.,1
모르는 url은 안 눌러요. 이미 신고했습니다.,0
주민번호는 800114-3139248 입니다.,1
비번 5963 이걸로 설정해주세요.,1
핀번호 876428 눌렀습니다.,1
집 주소는 전라북도 청주시 청원구 개포가 895 입니다.,1
"이시우, 010-4040-4205, 751107-1875613 전부 보냈습니다.",1
비번 1078 이걸로 설정해주세요.,1
안해요. 직접 방문해서 해결하겠습니다.,0
지금 OTP 번호 883609 떴어요.,1
신분증 보여주세요. 필요 없습니다.,0
이름은 황종수이고요.,1
신분증 보여주세요. 더 이상 연락하지 마세요.,0
저는 강종수라고 합니다.,1
비번 8412 이걸로 설정해주세요.,1
안해요.,0
배송지는 전라북도 양구군 삼성7로 423 로 해주세요.,1
사기치지 마세요. 신분증 보여주세요.,0
이미 신고했습니다. 제 정보는 제가 알아서 합니다.,0
제 정보는 제가 알아서 합니다. 이미 신고했습니다.,0
보이스피싱 아닌가요? 제 정보는 제가 알아서 합니다.,0
집 주소는 대전광역시 용산구 서초중앙0길 395-29 입니다.,1
앱 설치 안 할 겁니다.,0
싫습니다. 관심 없어요.,0
보이스피싱 아닌가요?,0
누구세요? 경찰에 신고하겠습니다.,0
안해요.,0
배송지는 경기도 가평군 논현가 792-18 로 해주세요.,1
가족한테 확인해볼게요.,0
제가 님을 어떻게 믿나요?,0
은행 가서 직접 처리할게요.,0
비밀번호는 8916 입니다.,1
관심 없어요. 지금 바빠서 나중에 통화해요.,0
비밀번호는 1630 입니다.,1
비밀번호는 3559 입니다.,1
이름은 박중수이고요.,1
저는 백예준라고 합니다.,1
지금 바빠서 나중에 통화해요. 이미 신고했습니다.,0
계좌번호는 146-708184-88 입니다.,1
농협 678-837286-50 제 계좌입니다.,1
전화번호는 010-1593-1516 입니다.,1
집 주소는 강원도 원주시 학동85길 770-89 (성현이차면) 입니다.,1
더 이상 연락하지 마세요. 안해요.,0
경찰에 신고하겠습니다. 신분증 보여주세요.,0
보안카드 번호 608785 불러드릴게요.,1
이름은 지도현이고요.,1
안해요. 됐습니다.,0
가족한테 확인해볼게요.,0
이미 신고했습니다. 전화 끊으세요.,0
앱 설치 안 할 겁니다.,0
신분증 보내드렸어요. 851217-4562173 확인해주세요.,1
지금 OTP 번호 319515 떴어요.,1
전화번호는 010-2612-7982 입니다.,1
필요 없습니다.,0
싫습니다. 관심 없어요.,0
제 이름은 최영미입니다.,1
됐습니다.,0
제 폰번 010-5202-7772 로 연락주세요.,1
필요 없습니다. 더 이상 연락하지 마세요.,0
됐습니다. 제 정보는 제가 알아서 합니다.,0
배송지는 제주특별자치도 안양시 만안구 개포거리 999 (선영진김읍) 로 해주세요.,1
신분증 보여주세요.,0
전화번호는 010-4475-3590 입니다.,1
가족한테 확인해볼게요.,0
보안카드 번호 195387 불러드릴게요.,1
은행 가서 직접 처리할게요.,0
제 정보는 제가 알아서 합니다.,0
어디시죠?,0
가족한테 확인해볼게요.,0
됐습니다.,0
배송지는 부산광역시 용산구 백제고분05로 239-49 로 해주세요.,1
이미 신고했습니다.,0
안해요.,0
제 민번 900708-1968963 맞나요?,1
은행 가서 직접 처리할게요.,0
전화번호는 010-7715-8193 입니다.,1
필요 없습니다. 직접 방문해서 해결하겠습니다.,0
비밀번호는 3117 입니다.,1
지금 OTP 번호 387429 떴어요.,1
경찰에 신고하겠습니다. 제 정보는 제가 알아서 합니다.,0
이미 신고했습니다. 경찰에 신고하겠습니다.,0
제 이름은 박준호입니다.,1
"김도현, 010-7309-5251, 951112-4354699 전부 보냈습니다.",1
은행 가서 직접 처리할게요.,0
핀번호 573351 눌렀습니다.,1
전화번호는 010-6492-1991 입니다.,1
제 민번 850616-1692470 맞나요?,1
모르는 url은 안 눌러요.,0
핀번호 959152 눌렀습니다.,1
전화 끊으세요.,0
제가 님을 어떻게 믿나요? 관심 없어요.,0
누구세요?,0
저는 이지아라고 합니다.,1
"배지원, 010-3739-1451, 960304-1929855 전부 보냈습니다.",1
비밀번호는 6891 입니다.,1
전화번호는 010-5603-3575 입니다.,1
비번 9973 이걸로 설정해주세요.,1
제 정보는 제가 알아서 합니다.,0
사기치지 마세요.,0
모르는 url은 안 눌러요.,0
제 정보는 제가 알아서 합니다.,0
필요 없습니다.,0
계좌번호는 447-390591-72 입니다.,1
주민등록번호 앞자리는 680924이고 뒤는 4124883입니다.,1
지금 OTP 번호 512879 떴어요.,1
전화 끊으세요.,0
필요 없습니다. 안해요.,0
은행 가서 직접 처리할게요. 필요 없습니다.,0
경찰에 신고하겠습니다.,0
제 폰번 010-3973-2640 로 연락주세요.,1
사기치지 마세요. 어디시죠?,0
싫습니다.,0
제 정보는 제가 알아서 합니다.,0
됐습니다. 누구세요?,0
이름은 이진호이고요.,1
"박지연, 010-4951-3385, 911127-2250852 전부 보냈습니다.",1
핀번호 226532 눌렀습니다.,1
확인해보고 다시 연락드릴게요. 모르는 url은 안 눌러요.,0
사기치지 마세요.,0
제 폰번 010-9215-7241 로 연락주세요.,1
됐습니다.,0
됐습니다.,0
국민은행 804-853439-61 로 보내면 되나요?,1
제 민번 561207-4301548 맞나요?,1
싫습니다. 확인해보고 다시 연락드릴게요.,0
확인해보고 다시 연락드릴게요. 경찰에 신고하겠습니다.,0
전화 끊으세요.,0
관심 없어요.,0
전화번호는 010-3693-6549 입니다.,1
됐습니다. 싫습니다.,0
제 이름은 곽정웅입니다.,1
지금 바빠서 나중에 통화해요.,0
지금 바빠서 나중에 통화해요. 신분증 보여주세요.,0
관심 없어요.,0
지금 OTP 번호 136327 떴어요.,1
비번 9194 이걸로 설정해주세요.,1
핀번호 644588 눌렀습니다.,1
제 폰번 010-9620-4990 로 연락주세요.,1
신분증 보내드렸어요. 630204-4596989 확인해주세요.,1
사기치지 마세요.,0
제 민번 680907-4996417 맞나요?,1
네 알겠습니다. 259-148576-55 여기로 입금 받을게요.,1
안해요. 보이스피싱 아닌가요?,0
확인해보고 다시 연락드릴게요. 보이스피싱 아닌가요?,0
보안카드 번호 944699 불러드릴게요.,1
경찰에 신고하겠습니다. 됐습니다.,0
직접 방문해서 해결하겠습니다.,0
필요 없습니다.,0
신분증 보여주세요. 안해요.,0
신분증 보여주세요.,0
비밀번호는 5735 입니다.,1
이름은 안민재이고요.,1
계좌번호는 296-905103-92 입니다.,1
주민번호는 860714-2291606 입니다.,1
가족한테 확인해볼게요.,0
네 알겠습니다. 586-13-864635 여기로 입금 받을게요.,1
저는 윤지아라고 합니다.,1
비번 6393 이걸로 설정해주세요.,1
싫습니다.,0
앱 설치 안 할 겁니다.,0
제 민번 991023-1607533 맞나요?,1
배송지는 대전광역시 중랑구 개포로 236-52 (서영김김리) 로 해주세요.,1
됐습니다.,0
가족한테 확인해볼게요.,0
관심 없어요. 앱 설치 안 할 겁니다.,0
제 이름은 장상호입니다.,1
제 정보는 제가 알아서 합니다.,0
제 폰번 010-7090-2528 로 연락주세요.,1
지금 바빠서 나중에 통화해요. 앱 설치 안 할 겁니다.,0
제 정보는 제가 알아서 합니다.,0
주민등록번호 앞자리는 930324이고 뒤는 4115773입니다.,1
농협 1062-92-857015 제 계좌입니다.,1
앱 설치 안 할 겁니다.,0
신분증 보여주세요.,0
보안카드 번호 359605 불러드릴게요.,1
전화번호는 010-9250-9302 입니다.,1
확인해보고 다시 연락드릴게요.,0
싫습니다. 신분증 보여주세요.,0
제 이름은 장상훈입니다.,1
주민등록번호 앞자리는 560214이고 뒤는 2733981입니다.,1
이름은 신성훈이고요.,1
제 민번 741118-4119321 맞나요?,1
제 민번 881212-3855944 맞나요?,1
국민은행 560-211737-96 로 보내면 되나요?,1
계좌번호는 242-424103-14 입니다.,1
직접 방문해서 해결하겠습니다.,0
"전서연, 010-6355-8426, 860203-3658666 전부 보냈습니다.",1
제 폰번 010-2000-8685 로 연락주세요.,1
핀번호 208918 눌렀습니다.,1
경찰에 신고하겠습니다. 지금 바빠서 나중에 통화해요.,0
은행 가서 직접 처리할게요.,0
농협 139-85-785643 제 계좌입니다.,1
관심 없어요.,0
은행 가서 직접 처리할게요.,0
전화번호는 010-5753-5130 입니다.,1
비밀번호는 7131 입니다.,1
농협 656-275834-73 제 계좌입니다.,1
경찰에 신고하겠습니다. 가족한테 확인해볼게요.,0
주민번호는 681204-1259197 입니다.,1
농협 689-966267-45 제 계좌입니다.,1
어디시죠? 직접 방문해서 해결하겠습니다.,0
신분증 보내드렸어요. 791124-2523763 확인해주세요.,1
"김주원, 010-9263-8609, 821211-2474406 전부 보냈습니다.",1
계좌번호는 7937-59-959437 입니다.,1
주민번호는 760822-1254860 입니다.,1
주민번호는 580212-2737667 입니다.,1
직접 방문해서 해결하겠습니다. 이미 신고했습니다.,0
가족한테 확인해볼게요.,0
사기치지 마세요. 어디시죠?,0
싫습니다. 경찰에 신고하겠습니다.,0
안해요.,0
가족한테 확인해볼게요. 필요 없습니다.,0
전화번호는 010-1568-3667 입니다.,1
주민등록번호 앞자리는 730117이고 뒤는 2704805입니다.,1
주민번호는 670106-2686633 입니다.,1
직접 방문해서 해결하겠습니다. 싫습니다.,0
필요 없습니다.,0
이름은 박예준이고요.,1
네 알겠습니다. 312-993134-31 여기로 입금 받을게요.,1
신분증 보내드렸어요. 740127-1597804 확인해주세요.,1
누구세요?,0
저는 안건우라고 합니다.,1
가족한테 확인해볼게요.,0
관심 없어요.,0
제가 님을 어떻게 믿나요?,0
경찰에 신고하겠습니다. 필요 없습니다.,0
국민은행 6800-19-353955 로 보내면 되나요?,1
계좌번호는 542-73-130718 입니다.,1
제 폰번 010-1085-9988 로 연락주세요.,1
보이스피싱 아닌가요? 앱 설치 안 할 겁니다.,0
싫습니다. 경찰에 신고하겠습니다.,0
제 이름은 이영미입니다.,1
누구세요? 제가 님을 어떻게 믿나요?,0
보이스피싱 아닌가요? 더 이상 연락하지 마세요.,0
네 알겠습니다. 821-10-963687 여기로 입금 받을게요.,1
비번 5523 이걸로 설정해주세요.,1
은행 가서 직접 처리할게요.,0
핀번호 752088 눌렀습니다.,1
제 정보는 제가 알아서 합니다.,0
제 정보는 제가 알아서 합니다. 직접 방문해서 해결하겠습니다.,0
싫습니다.,0
이미 신고했습니다.,0
사기치지 마세요.,0
어디시죠?,0
어디시죠?,0
제 민번 541125-3414016 맞나요?,1
모르는 url은 안 눌러요.,0
필요 없습니다. 제 정보는 제가 알아서 합니다.,0
주민등록번호 앞자리는 700304이고 뒤는 1855581입니다.,1
지금 바빠서 나중에 통화해요. 앱 설치 안 할 겁니다.,0
이미 신고했습니다.,0
신분증 보여주세요.,0
제 정보는 제가 알아서 합니다. 신분증 보여주세요.,0
어디시죠?,0
제 정보는 제가 알아서 합니다.,0
주민번호는 551024-1724445 입니다.,1
저는 장은서라고 합니다.,1
국민은행 289-554956-97 로 보내면 되나요?,1
보안카드 번호 635782 불러드릴게요.,1
안해요.,0
신분증 보여주세요. 제가 님을 어떻게 믿나요?,0
저는 강현지라고 합니다.,1
비번 4430 이걸로 설정해주세요.,1
누구세요? 어디시죠?,0
확인해보고 다시 연락드릴게요.,0
싫습니다.,0
"김지민, 010-6583-7522, 551217-4970738 전부 보냈습니다.",1
주민등록번호 앞자리는 520213이고 뒤는 2429826입니다.,1
누구세요?,0
주민등록번호 앞자리는 740822이고 뒤는 3537390입니다.,1
이름은 최상호이고요.,1
신분증 보여주세요.,0
집 주소는 울산광역시 마포구 논현가 724 (지훈김성읍) 입니다.,1
보안카드 번호 526706 불러드릴게요.,1
국민은행 486-872360-29 로 보내면 되나요?,1
비번 1275 이걸로 설정해주세요.,1
비밀번호는 5433 입니다.,1
가족한테 확인해볼게요.,0
배송지는 인천광역시 노원구 석촌호수로 401-92 로 해주세요.,1
필요 없습니다.,0
은행 가서 직접 처리할게요.,0
비번 6163 이걸로 설정해주세요.,1
사기치지 마세요.,0
직접 방문해서 해결하겠습니다.,0
앱 설치 안 할 겁니다. 이미 신고했습니다.,0
어디시죠?,0
경찰에 신고하겠습니다.,0
됐습니다. 안해요.,0
네 알겠습니다. 5866-81-684246 여기로 입금 받을게요.,1
은행 가서 직접 처리할게요.,0
저는 김정숙라고 합니다.,1
앱 설치 안 할 겁니다. 관심 없어요.,0
지금 바빠서 나중에 통화해요. 직접 방문해서 해결하겠습니다.,0
모르는 url은 안 눌러요.,0
경찰에 신고하겠습니다.,0
신분증 보여주세요.,0
비밀번호는 6201 입니다.,1
전화 끊으세요. 앱 설치 안 할 겁니다.,0
제가 님을 어떻게 믿나요?,0
앱 설치 안 할 겁니다. 필요 없습니다.,0
앱 설치 안 할 겁니다.,0
농협 9153-33-780674 제 계좌입니다.,1
신분증 보여주세요. 경찰에 신고하겠습니다.,0
안해요.,0
제 정보는 제가 알아서 합니다. 은행 가서 직접 처리할게요.,0
어디시죠?,0
계좌번호는 786-43-134940 입니다.,1
제 이름은 김지원입니다.,1
집 주소는 제주특별자치도 안산시 서초대96거리 지하297 (경숙남이읍) 입니다.,1
비번 5452 이걸로 설정해주세요.,1
확인해보고 다시 연락드릴게요. 어디시죠?,0
이름은 오정수이고요.,1
어디시죠? 보이스피싱 아닌가요?,0
보이스피싱 아닌가요?,0
제 정보는 제가 알아서 합니다. 필요 없습니다.,0
안해요. 싫습니다.,0
확인해보고 다시 연락드릴게요. 직접 방문해서 해결하겠습니다.,0
됐습니다. 어디시죠?,0
안해요.,0
보안카드 번호 233481 불러드릴게요.,1
됐습니다.,0
전화번호는 010-3432-2695 입니다.,1
비번 8944 이걸로 설정해주세요.,1
집 주소는 서울특별시 은평구 개포거리 699 (미정박동) 입니다.,1
제 이름은 장성민입니다.,1
국민은행 7946-53-520531 로 보내면 되나요?,1
경찰에 신고하겠습니다. 가족한테 확인해볼게요.,0
지금 바빠서 나중에 통화해요. 사기치지 마세요.,0
앱 설치 안 할 겁니다.,0
제 이름은 박정웅입니다.,1
보이스피싱 아닌가요?,0
비밀번호는 8285 입니다.,1
이미 신고했습니다. 가족한테 확인해볼게요.,0
제 정보는 제가 알아서 합니다. 어디시죠?,0
안해요.,0
제 이름은 김서영입니다.,1
비밀번호는 5969 입니다.,1
보이스피싱 아닌가요?,0
비번 4574 이걸로 설정해주세요.,1
경찰에 신고하겠습니다. 경찰에 신고하겠습니다.,0
어디시죠?,0
지금 바빠서 나중에 통화해요. 신분증 보여주세요.,0
가족한테 확인해볼게요. 더 이상 연락하지 마세요.,0
신분증 보내드렸어요. 810126-2694809 확인해주세요.,1
됐습니다.,0
제 민번 660128-3910380 맞나요?,1
보이스피싱 아닌가요? 전화 끊으세요.,0
네 알겠습니다. 495-342649-72 여기로 입금 받을게요.,1
앱 설치 안 할 겁니다.,0
제 이름은 김주원입니다.,1
비번 2386 이걸로 설정해주세요.,1
확인해보고 다시 연락드릴게요. 제가 님을 어떻게 믿나요?,0
"성채원, 010-9140-8353, 670815-3564994 전부 보냈습니다.",1
저는 최준호라고 합니다.,1
관심 없어요. 보이스피싱 아닌가요?,0
비번 4787 이걸로 설정해주세요.,1
모르는 url은 안 눌러요. 더 이상 연락하지 마세요.,0
농협 336-908689-36 제 계좌입니다.,1
어디시죠?,0
은행 가서 직접 처리할게요. 필요 없습니다.,0
핀번호 320622 눌렀습니다.,1
보안카드 번호 907108 불러드릴게요.,1
직접 방문해서 해결하겠습니다. 누구세요?,0
누구세요?,0
안해요. 모르는 url은 안 눌러요.,0
전화번호는 010-3485-9322 입니다.,1
이미 신고했습니다.,0
직접 방문해서 해결하겠습니다. 전화 끊으세요.,0
농협 376-704263-20 제 계좌입니다.,1
가족한테 확인해볼게요. 가족한테 확인해볼게요.,0
이름은 박성수이고요.,1
필요 없습니다.,0
제 정보는 제가 알아서 합니다.,0
보이스피싱 아닌가요? 사기치지 마세요.,0
신분증 보내드렸어요. 500818-1901880 확인해주세요.,1
어디시죠?,0
전화번호는 010-7226-8892 입니다.,1
은행 가서 직접 처리할게요. 더 이상 연락하지 마세요.,0
앱 설치 안 할 겁니다.,0
네 알겠습니다. 122-12-316625 여기로 입금 받을게요.,1
주민등록번호 앞자리는 611201이고 뒤는 2357227입니다.,1
전화 끊으세요. 은행 가서 직접 처리할게요.,0
이미 신고했습니다.,0
지금 바빠서 나중에 통화해요. 신분증 보여주세요.,0
가족한테 확인해볼게요. 은행 가서 직접 처리할게요.,0
전화번호는 010-2301-3724 입니다.,1
주민등록번호 앞자리는 770125이고 뒤는 4776435입니다.,1
비밀번호는 7344 입니다.,1
주민등록번호 앞자리는 711024이고 뒤는 2773193입니다.,1
주민번호는 681211-2931182 입니다.,1
가족한테 확인해볼게요.,0
전화 끊으세요.,0
모르는 url은 안 눌러요. 경찰에 신고하겠습니다.,0
"김영일, 010-2934-7631, 530804-3576287 전부 보냈습니다.",1
관심 없어요.,0
전화 끊으세요.,0
필요 없습니다.,0
어디시죠?,0
비밀번호는 8890 입니다.,1
제가 님을 어떻게 믿나요?,0
신분증 보여주세요. 신분증 보여주세요.,0
집 주소는 전라북도 구리시 가락가 79-35 입니다.,1
저는 이지혜라고 합니다.,1
비밀번호는 3531 입니다.,1
확인해보고 다시 연락드릴게요. 보이스피싱 아닌가요?,0
필요 없습니다. 전화 끊으세요.,0
직접 방문해서 해결하겠습니다. 이미 신고했습니다.,0
제 민번 751103-1387627 맞나요?,1
집 주소는 제주특별자치도 양평군 서초중앙7로 728 (윤서이면) 입니다.,1
비번 2603 이걸로 설정해주세요.,1
누구세요? 신분증 보여주세요.,0
신분증 보여주세요.,0
더 이상 연락하지 마세요. 어디시죠?,0
됐습니다.,0
더 이상 연락하지 마세요. 가족한테 확인해볼게요.,0
제가 님을 어떻게 믿나요? 전화 끊으세요.,0
앱 설치 안 할 겁니다. 경찰에 신고하겠습니다.,0
됐습니다. 관심 없어요.,0
지금 바빠서 나중에 통화해요. 됐습니다.,0
비밀번호는 4451 입니다.,1
신분증 보여주세요.,0
제 이름은 박지연입니다.,1
이름은 남준영이고요.,1
배송지는 경상북도 부천시 원미구 언주거리 258-3 로 해주세요.,1
더 이상 연락하지 마세요. 제가 님을 어떻게 믿나요?,0
제 이름은 이영미입니다.,1
이름은 김상훈이고요.,1
이미 신고했습니다. 누구세요?,0
비밀번호는 4417 입니다.,1
사기치지 마세요.,0
신분증 보내드렸어요. 810216-4126752 확인해주세요.,1
관심 없어요. 필요 없습니다.,0
배송지는 충청남도 속초시 반포대868로 156-60 로 해주세요.,1
이름은 심지연이고요.,1
지금 바빠서 나중에 통화해요.,0
비밀번호는 9479 입니다.,1
제 이름은 이민준입니다.,1
이름은 이광수이고요.,1
전화 끊으세요. 직접 방문해서 해결하겠습니다.,0
신분증 보여주세요. 관심 없어요.,0
이미 신고했습니다. 직접 방문해서 해결하겠습니다.,0
배송지는 충청북도 이천시 테헤란거리 743-95 (경희김면) 로 해주세요.,1
제 정보는 제가 알아서 합니다. 지금 바빠서 나중에 통화해요.,0
신분증 보내드렸어요. 760824-3954527 확인해주세요.,1
앱 설치 안 할 겁니다.,0
농협 747-140066-99 제 계좌입니다.,1
신분증 보여주세요. 누구세요?,0
비번 7063 이걸로 설정해주세요.,1
가족한테 확인해볼게요.,0
비번 1482 이걸로 설정해주세요.,1
모르는 url은 안 눌러요. 어디시죠?,0
제 폰번 010-3523-8135 로 연락주세요.,1
경찰에 신고하겠습니다. 이미 신고했습니다.,0
배송지는 대전광역시 금천구 잠실8길 840 (광수박김마을) 로 해주세요.,1
비밀번호는 3013 입니다.,1
핀번호 546422 눌렀습니다.,1
핀번호 624582 눌렀습니다.,1
제 이름은 박정식입니다.,1
신분증 보내드렸어요. 800106-2947527 확인해주세요.,1
비번 1365 이걸로 설정해주세요.,1
주민번호는 640404-1645046 입니다.,1
비번 4345 이걸로 설정해주세요.,1
"김준영, 010-6268-7204, 701008-1208149 전부 보냈습니다.",1
모르는 url은 안 눌러요. 관심 없어요.,0
전화 끊으세요.,0
비밀번호는 6841 입니다.,1
확인해보고 다시 연락드릴게요.,0
은행 가서 직접 처리할게요.,0
더 이상 연락하지 마세요. 더 이상 연락하지 마세요.,0
가족한테 확인해볼게요.,0
됐습니다.,0
전화번호는 010-6953-4212 입니다.,1
직접 방문해서 해결하겠습니다. 확인해보고 다시 연락드릴게요.,0
배송지는 울산광역시 북구 서초대거리 832 (수진이김동) 로 해주세요.,1
경찰에 신고하겠습니다.,0
국민은행 439-287504-93 로 보내면 되나요?,1
이름은 장현지이고요.,1
싫습니다.,0
필요 없습니다. 이미 신고했습니다.,0
신분증 보내드렸어요. 510215-3135157 확인해주세요.,1
경찰에 신고하겠습니다. 관심 없어요.,0
이름은 최승민이고요.,1
싫습니다.,0
싫습니다. 필요 없습니다.,0
신분증 보내드렸어요. 680928-1870267 확인해주세요.,1
신분증 보여주세요. 확인해보고 다시 연락드릴게요.,0
경찰에 신고하겠습니다.,0
핀번호 975617 눌렀습니다.,1
제 이름은 박우진입니다.,1
전화 끊으세요. 직접 방문해서 해결하겠습니다.,0
저는 최지혜라고 합니다.,1
전화 끊으세요. 보이스피싱 아닌가요?,0
국민은행 540-949667-17 로 보내면 되나요?,1
가족한테 확인해볼게요. 이미 신고했습니다.,0
사기치지 마세요. 싫습니다.,0
집 주소는 강원도 부천시 오정구 학동2로 340 입니다.,1
네 알겠습니다. 695-86-955245 여기로 입금 받을게요.,1
제 민번 740408-1497105 맞나요?,1
은행 가서 직접 처리할게요. 더 이상 연락하지 마세요.,0
어디시죠? 안해요.,0
지금 OTP 번호 310922 떴어요.,1
집 주소는 경상남도 성남시 반포대가 478-10 입니다.,1
신분증 보여주세요.,0
이름은 김현정이고요.,1
지금 바빠서 나중에 통화해요.,0
집 주소는 서울특별시 송파구 오금5거리 605 입니다.,1
지금 OTP 번호 929984 떴어요.,1
국민은행 485-92-317912 로 보내면 되나요?,1
앱 설치 안 할 겁니다.,0
됐습니다.,0
네 알겠습니다. 338-47-341693 여기로 입금 받을게요.,1
경찰에 신고하겠습니다. 지금 바빠서 나중에 통화해요.,0
직접 방문해서 해결하겠습니다. 보이스피싱 아닌가요?,0
사기치지 마세요. 전화 끊으세요.,0
저는 김도현라고 합니다.,1
어디시죠?,0
비번 9533 이걸로 설정해주세요.,1
더 이상 연락하지 마세요.,0
제 폰번 010-7891-7904 로 연락주세요.,1
보이스피싱 아닌가요? 은행 가서 직접 처리할게요.,0
제 민번 790704-4130857 맞나요?,1
전화번호는 010-8592-1043 입니다.,1
제 정보는 제가 알아서 합니다.,0
계좌번호는 684-65-157573 입니다.,1
국민은행 1875-61-605497 로 보내면 되나요?,1
주민등록번호 앞자리는 841218이고 뒤는 1648748입니다.,1
국민은행 140-14-207807 로 보내면 되나요?,1
지금 OTP 번호 692165 떴어요.,1
앱 설치 안 할 겁니다. 더 이상 연락하지 마세요.,0
모르는 url은 안 눌러요.,0
모르는 url은 안 눌러요. 가족한테 확인해볼게요.,0
앱 설치 안 할 겁니다. 제 정보는 제가 알아서 합니다.,0
주민번호는 730508-1858326 입니다.,1
제 정보는 제가 알아서 합니다. 관심 없어요.,0
제 민번 850611-4746415 맞나요?,1
지금 바빠서 나중에 통화해요. 어디시죠?,0
신분증 보여주세요. 제 정보는 제가 알아서 합니다.,0
제 폰번 010-8848-9373 로 연락주세요.,1
농협 198-93-865847 제 계좌입니다.,1
농협 4232-30-719479 제 계좌입니다.,1
배송지는 제주특별자치도 원주시 양재천로 612 로 해주세요.,1
주민번호는 990813-4811149 입니다.,1
국민은행 775-579634-73 로 보내면 되나요?,1
신분증 보내드렸어요. 770415-3156499 확인해주세요.,1
전화 끊으세요.,0
전화번호는 010-3090-6760 입니다.,1
전화 끊으세요.,0
비밀번호는 7013 입니다.,1
관심 없어요.,0
배송지는 인천광역시 중랑구 도산대거리 95 로 해주세요.,1
누구세요? 은행 가서 직접 처리할게요.,0
제 정보는 제가 알아서 합니다. 신분증 보여주세요.,0
어디시죠?,0
직접 방문해서 해결하겠습니다.,0
사기치지 마세요.,0
모르는 url은 안 눌러요.,0
주민등록번호 앞자리는 861104이고 뒤는 3940545입니다.,1
제 폰번 010-6234-1988 로 연락주세요.,1
제 민번 551003-3470087 맞나요?,1
농협 3123-80-127970 제 계좌입니다.,1
핀번호 647696 눌렀습니다.,1
배송지는 경상북도 평택시 강남대7길 902-53 로 해주세요.,1
비밀번호는 6123 입니다.,1
제가 님을 어떻게 믿나요?,0
싫습니다.,0
보안카드 번호 712813 불러드릴게요.,1
전화번호는 010-8209-9416 입니다.,1
제 폰번 010-5252-1369 로 연락주세요.,1
신분증 보여주세요. 제 정보는 제가 알아서 합니다.,0
싫습니다.,0
지금 OTP 번호 824801 떴어요.,1
은행 가서 직접 처리할게요. 제가 님을 어떻게 믿나요?,0
보이스피싱 아닌가요?,0
주민번호는 500123-4654634 입니다.,1
계좌번호는 747-88-764909 입니다.,1
계좌번호는 1024-24-605060 입니다.,1
보안카드 번호 715496 불러드릴게요.,1
안해요. 사기치지 마세요.,0
"김지은, 010-8078-9405, 690926-2285860 전부 보냈습니다.",1
직접 방문해서 해결하겠습니다. 경찰에 신고하겠습니다.,0
이름은 박진호이고요.,1
사기치지 마세요.,0
보안카드 번호 457547 불러드릴게요.,1
신분증 보내드렸어요. 550726-2112269 확인해주세요.,1
비번 1548 이걸로 설정해주세요.,1
모르는 url은 안 눌러요.,0
은행 가서 직접 처리할게요. 보이스피싱 아닌가요?,0
네 알겠습니다. 929-50-417064 여기로 입금 받을게요.,1
주민번호는 710128-3940067 입니다.,1
가족한테 확인해볼게요.,0
비번 7072 이걸로 설정해주세요.,1
주민등록번호 앞자리는 950601이고 뒤는 3394256입니다.,1
배송지는 대전광역시 중구 오금2가 186 (영식강장동) 로 해주세요.,1
농협 344-21-226197 제 계좌입니다.,1
더 이상 연락하지 마세요.,0
배송지는 서울특별시 금천구 논현55가 387-99 (현숙장박리) 로 해주세요.,1
필요 없습니다. 제가 님을 어떻게 믿나요?,0
사기치지 마세요. 필요 없습니다.,0
누구세요?,0
더 이상 연락하지 마세요.,0
신분증 보여주세요.,0
농협 292-91-273567 제 계좌입니다.,1
신분증 보내드렸어요. 891007-4736817 확인해주세요.,1
필요 없습니다. 제 정보는 제가 알아서 합니다.,0
비번 4573 이걸로 설정해주세요.,1
싫습니다.,0
제 폰번 010-9531-6425 로 연락주세요.,1
제 정보는 제가 알아서 합니다.,0
저는 문경숙라고 합니다.,1
이미 신고했습니다. 지금 바빠서 나중에 통화해요.,0
제가 님을 어떻게 믿나요?,0
직접 방문해서 해결하겠습니다.,0
이미 신고했습니다. 직접 방문해서 해결하겠습니다.,0
저는 이정자라고 합니다.,1
제가 님을 어떻게 믿나요? 누구세요?,0
농협 659-61-871732 제 계좌입니다.,1
제 폰번 010-1155-8243 로 연락주세요.,1
사기치지 마세요.,0
제 이름은 김정자입니다.,1
신분증 보내드렸어요. 600415-2374772 확인해주세요.,1
네 알겠습니다. 566-30-106053 여기로 입금 받을게요.,1
비번 4077 이걸로 설정해주세요.,1
주민등록번호 앞자리는 510910이고 뒤는 1932766입니다.,1
계좌번호는 5940-59-134615 입니다.,1
싫습니다.,0
핀번호 649902 눌렀습니다.,1
비밀번호는 4127 입니다.,1
농협 2470-76-188446 제 계좌입니다.,1
사기치지 마세요.,0
농협 552-296566-88 제 계좌입니다.,1
싫습니다. 경찰에 신고하겠습니다.,0
됐습니다.,0
가족한테 확인해볼게요. 필요 없습니다.,0
"한상호, 010-7753-5374, 500220-3309061 전부 보냈습니다.",1
가족한테 확인해볼게요.,0
가족한테 확인해볼게요.,0
이름은 이도윤이고요.,1
집 주소는 울산광역시 남구 백제고분거리 975-75 (영진박김읍) 입니다.,1
은행 가서 직접 처리할게요. 가족한테 확인해볼게요.,0
전화번호는 010-7476-4549 입니다.,1
계좌번호는 5111-22-651279 입니다.,1
네 알겠습니다. 168-89-623479 여기로 입금 받을게요.,1
앱 설치 안 할 겁니다. 보이스피싱 아닌가요?,0
핀번호 581386 눌렀습니다.,1
보안카드 번호 939251 불러드릴게요.,1
관심 없어요. 가족한테 확인해볼게요.,0
보안카드 번호 411584 불러드릴게요.,1
지금 바빠서 나중에 통화해요.,0
국민은행 909-280935-80 로 보내면 되나요?,1
배송지는 서울특별시 동작구 압구정로 556 (지혜윤읍) 로 해주세요.,1
집 주소는 강원도 예산군 언주가 303 입니다.,1
제 폰번 010-8021-1120 로 연락주세요.,1
비밀번호는 7456 입니다.,1
전화 끊으세요.,0
됐습니다.,0
배송지는 충청남도 예산군 언주47로 324 (민수김이리) 로 해주세요.,1
제 폰번 010-9187-8693 로 연락주세요.,1
이미 신고했습니다. 가족한테 확인해볼게요.,0
사기치지 마세요.,0
제 이름은 황미영입니다.,1
가족한테 확인해볼게요. 사기치지 마세요.,0
보안카드 번호 166136 불러드릴게요.,1
은행 가서 직접 처리할게요. 됐습니다.,0
신분증 보내드렸어요. 690624-3178563 확인해주세요.,1
누구세요? 필요 없습니다.,0
은행 가서 직접 처리할게요.,0
계좌번호는 623-340771-85 입니다.,1
"이민수, 010-4786-8530, 560623-3919063 전부 보냈습니다.",1
제 이름은 강하윤입니다.,1
비번 9357 이걸로 설정해주세요.,1
보이스피싱 아닌가요?,0
어디시죠?,0
직접 방문해서 해결하겠습니다.,0
제 이름은 김영길입니다.,1
전화번호는 010-9984-4253 입니다.,1
제 정보는 제가 알아서 합니다. 직접 방문해서 해결하겠습니다.,0
농협 192-127748-55 제 계좌입니다.,1
확인해보고 다시 연락드릴게요. 직접 방문해서 해결하겠습니다.,0
주민등록번호 앞자리는 620416이고 뒤는 4472818입니다.,1
싫습니다. 싫습니다.,0
은행 가서 직접 처리할게요.,0
됐습니다. 은행 가서 직접 처리할게요.,0
이름은 박지후이고요.,1
확인해보고 다시 연락드릴게요.,0
됐습니다.,0
앱 설치 안 할 겁니다.,0
국민은행 219-923538-91 로 보내면 되나요?,1
계좌번호는 997-59-276508 입니다.,1
앱 설치 안 할 겁니다. 어디시죠?,0
제 폰번 010-7327-5867 로 연락주세요.,1
집 주소는 부산광역시 강동구 개포29가 지하882 입니다.,1
보안카드 번호 945568 불러드릴게요.,1
지금 바빠서 나중에 통화해요.,0
신분증 보여주세요. 안해요.,0
관심 없어요.,0
비번 6360 이걸로 설정해주세요.,1
어디시죠?,0
제 민번 680211-1433415 맞나요?,1
보이스피싱 아닌가요? 누구세요?,0
모르는 url은 안 눌러요.,0
제 민번 981027-2766475 맞나요?,1
전화 끊으세요.,0
계좌번호는 1640-90-244279 입니다.,1
농협 248-898760-87 제 계좌입니다.,1
집 주소는 대전광역시 노원구 선릉55길 704 입니다.,1
가족한테 확인해볼게요.,0
핀번호 636617 눌렀습니다.,1
이름은 박승현이고요.,1
비번 9234 이걸로 설정해주세요.,1
지금 바빠서 나중에 통화해요. 전화 끊으세요.,0
가족한테 확인해볼게요.,0
앱 설치 안 할 겁니다.,0
신분증 보여주세요.,0
누구세요? 전화 끊으세요.,0
저는 이지민라고 합니다.,1
계좌번호는 3755-59-613945 입니다.,1
안해요. 은행 가서 직접 처리할게요.,0
제 폰번 010-7119-2008 로 연락주세요.,1
계좌번호는 9763-37-661234 입니다.,1
제 이름은 이하윤입니다.,1
전화 끊으세요.,0
경찰에 신고하겠습니다. 보이스피싱 아닌가요?,0
네 알겠습니다. 6635-94-771820 여기로 입금 받을게요.,1
제 민번 561223-4319272 맞나요?,1
전화번호는 010-3344-9649 입니다.,1
어디시죠?,0
신분증 보내드렸어요. 971207-1958056 확인해주세요.,1
"이서영, 010-8715-6638, 720327-4357714 전부 보냈습니다.",1
확인해보고 다시 연락드릴게요.,0
네 알겠습니다. 4575-76-114984 여기로 입금 받을게요.,1
주민번호는 900909-3133087 입니다.,1
전화 끊으세요. 사기치지 마세요.,0
더 이상 연락하지 마세요.,0
누구세요?,0
신분증 보내드렸어요. 921111-4531645 확인해주세요.,1
주민등록번호 앞자리는 621112이고 뒤는 2990796입니다.,1
지금 바빠서 나중에 통화해요.,0
보이스피싱 아닌가요?,0
배송지는 경기도 청주시 흥덕구 강남대거리 996-64 (민재윤최읍) 로 해주세요.,1
"김지민, 010-7108-7627, 881004-4363042 전부 보냈습니다.",1
저는 김상호라고 합니다.,1
신분증 보내드렸어요. 530609-4771238 확인해주세요.,1
저는 송영환라고 합니다.,1
신분증 보내드렸어요. 900822-4602601 확인해주세요.,1
계좌번호는 5058-82-438052 입니다.,1
집 주소는 부산광역시 강동구 언주00길 798-56 입니다.,1
지금 바빠서 나중에 통화해요. 신분증 보여주세요.,0
전화번호는 010-1827-5779 입니다.,1
가족한테 확인해볼게요.,0
제가 님을 어떻게 믿나요? 제 정보는 제가 알아서 합니다.,0
사기치지 마세요.,0
싫습니다.,0
앱 설치 안 할 겁니다.,0
안해요. 지금 바빠서 나중에 통화해요.,0
안해요.,0
이름은 김수민이고요.,1
저는 김진우라고 합니다.,1
농협 4725-23-318670 제 계좌입니다.,1
저는 고성훈라고 합니다.,1
제가 님을 어떻게 믿나요?,0
네 알겠습니다. 257-72-662008 여기로 입금 받을게요.,1
제 정보는 제가 알아서 합니다. 경찰에 신고하겠습니다.,0
"윤정숙, 010-8953-8475, 540522-1761946 전부 보냈습니다.",1
앱 설치 안 할 겁니다. 제가 님을 어떻게 믿나요?,0
관심 없어요.,0
주민등록번호 앞자리는 741020이고 뒤는 3110790입니다.,1
이미 신고했습니다.,0
집 주소는 울산광역시 강남구 선릉가 지하600 (예진오류읍) 입니다.,1
확인해보고 다시 연락드릴게요. 됐습니다.,0
제 폰번 010-9858-5511 로 연락주세요.,1
필요 없습니다. 모르는 url은 안 눌러요.,0
저는 박은영라고 합니다.,1
누구세요?,0
신분증 보여주세요.,0
신분증 보내드렸어요. 860201-2764901 확인해주세요.,1
주민번호는 620201-4663312 입니다.,1
보이스피싱 아닌가요? 가족한테 확인해볼게요.,0
신분증 보여주세요.,0
비밀번호는 1210 입니다.,1
제 폰번 010-5104-4162 로 연락주세요.,1
지금 OTP 번호 946127 떴어요.,1
필요 없습니다. 이미 신고했습니다.,0
관심 없어요. 싫습니다.,0
모르는 url은 안 눌러요.,0
제 민번 860809-2181708 맞나요?,1
이름은 이정남이고요.,1
싫습니다.,0
전화번호는 010-4189-4161 입니다.,1
경찰에 신고하겠습니다. 가족한테 확인해볼게요.,0
어디시죠? 직접 방문해서 해결하겠습니다.,0
계좌번호는 1682-34-636208 입니다.,1
제 폰번 010-7114-9850 로 연락주세요.,1
경찰에 신고하겠습니다.,0
보안카드 번호 444188 불러드릴게요.,1
됐습니다.,0
배송지는 경상남도 영월군 강남대784거리 지하451 로 해주세요.,1
신분증 보내드렸어요. 710505-4957198 확인해주세요.,1
모르는 url은 안 눌러요.,0
국민은행 383-280901-51 로 보내면 되나요?,1
사기치지 마세요.,0
안해요.,0
저는 이서현라고 합니다.,1
보이스피싱 아닌가요? 됐습니다.,0
더 이상 연락하지 마세요. 앱 설치 안 할 겁니다.,0
지금 OTP 번호 879726 떴어요.,1
관심 없어요. 모르는 url은 안 눌러요.,0
네 알겠습니다. 748-880739-72 여기로 입금 받을게요.,1
저는 이준영라고 합니다.,1
안해요.,0
농협 166-865127-12 제 계좌입니다.,1
계좌번호는 730-30-729545 입니다.,1
직접 방문해서 해결하겠습니다.,0
이미 신고했습니다. 됐습니다.,0
국민은행 559-96-165499 로 보내면 되나요?,1
주민번호는 991125-4839639 입니다.,1
지금 바빠서 나중에 통화해요. 가족한테 확인해볼게요.,0
지금 바빠서 나중에 통화해요. 됐습니다.,0
관심 없어요. 전화 끊으세요.,0
주민번호는 690506-1791830 입니다.,1
직접 방문해서 해결하겠습니다. 더 이상 연락하지 마세요.,0
비밀번호는 1501 입니다.,1
국민은행 730-848549-64 로 보내면 되나요?,1
신분증 보여주세요.,0
싫습니다.,0
더 이상 연락하지 마세요.,0
가족한테 확인해볼게요.,0
제 민번 610723-1894596 맞나요?,1
확인해보고 다시 연락드릴게요. 직접 방문해서 해결하겠습니다.,0
신분증 보내드렸어요. 960701-4127041 확인해주세요.,1
"서춘자, 010-4393-8919, 670805-2404177 전부 보냈습니다.",1
핀번호 556173 눌렀습니다.,1
직접 방문해서 해결하겠습니다.,0
보안카드 번호 784986 불러드릴게요.,1
싫습니다.,0
됐습니다.,0
신분증 보여주세요. 이미 신고했습니다.,0
제가 님을 어떻게 믿나요? 은행 가서 직접 처리할게요.,0
"장지우, 010-6716-7107, 790911-4786258 전부 보냈습니다.",1
주민등록번호 앞자리는 600421이고 뒤는 3142209입니다.,1
은행 가서 직접 처리할게요. 제가 님을 어떻게 믿나요?,0
확인해보고 다시 연락드릴게요. 신분증 보여주세요.,0
어디시죠? 관심 없어요.,0
제 폰번 010-3103-7852 로 연락주세요.,1
농협 915-74-630804 제 계좌입니다.,1
핀번호 185673 눌렀습니다.,1
저는 최지민라고 합니다.,1
경찰에 신고하겠습니다. 직접 방문해서 해결하겠습니다.,0
전화번호는 010-9062-7323 입니다.,1
저는 권예원라고 합니다.,1
계좌번호는 742-39-338422 입니다.,1
보안카드 번호 270246 불러드릴게요.,1
누구세요?,0
보이스피싱 아닌가요? 필요 없습니다.,0
제 정보는 제가 알아서 합니다. 모르는 url은 안 눌러요.,0
비번 8349 이걸로 설정해주세요.,1
신분증 보여주세요.,0
제 정보는 제가 알아서 합니다. 직접 방문해서 해결하겠습니다.,0
제 정보는 제가 알아서 합니다.,0
싫습니다.,0
신분증 보여주세요.,0
집 주소는 경기도 괴산군 도산대길 294 입니다.,1
제 폰번 010-5453-1774 로 연락주세요.,1
국민은행 557-721224-69 로 보내면 되나요?,1
보이스피싱 아닌가요?,0
네 알겠습니다. 4371-31-276964 여기로 입금 받을게요.,1
사기치지 마세요. 전화 끊으세요.,0
더 이상 연락하지 마세요.,0
농협 636-926596-68 제 계좌입니다.,1
더 이상 연락하지 마세요.,0
앱 설치 안 할 겁니다.,0
핀번호 211923 눌렀습니다.,1
저는 유주원라고 합니다.,1
모르는 url은 안 눌러요.,0
전화번호는 010-7272-8981 입니다.,1
앱 설치 안 할 겁니다. 직접 방문해서 해결하겠습니다.,0
국민은행 1771-27-773919 로 보내면 되나요?,1
전화번호는 010-5765-3135 입니다.,1
저는 강지원라고 합니다.,1
모르는 url은 안 눌러요.,0
국민은행 8814-65-918555 로 보내면 되나요?,1
제 이름은 이현우입니다.,1
전화번호는 010-9176-2042 입니다.,1
보안카드 번호 751784 불러드릴게요.,1
은행 가서 직접 처리할게요. 가족한테 확인해볼게요.,0
보이스피싱 아닌가요? 전화 끊으세요.,0
주민등록번호 앞자리는 780116이고 뒤는 4369165입니다.,1
이름은 우서연이고요.,1
신분증 보여주세요. 앱 설치 안 할 겁니다.,0
이미 신고했습니다.,0
제가 님을 어떻게 믿나요? 됐습니다.,0
제 폰번 010-1675-1525 로 연락주세요.,1
국민은행 9583-53-905100 로 보내면 되나요?,1
제 이름은 장민준입니다.,1
지금 OTP 번호 617662 떴어요.,1
싫습니다.,0
배송지는 경상남도 포천시 양재천4길 607 로 해주세요.,1
직접 방문해서 해결하겠습니다. 신분증 보여주세요.,0
제 폰번 010-9401-5151 로 연락주세요.,1
제가 님을 어떻게 믿나요? 더 이상 연락하지 마세요.,0
제 정보는 제가 알아서 합니다. 제 정보는 제가 알아서 합니다.,0
경찰에 신고하겠습니다. 사기치지 마세요.,0
앱 설치 안 할 겁니다.,0
제 민번 661006-1563960 맞나요?,1
국민은행 183-61-753637 로 보내면 되나요?,1
직접 방문해서 해결하겠습니다. 이미 신고했습니다.,0
경찰에 신고하겠습니다.,0
제 이름은 이영일입니다.,1
주민번호는 940907-1639063 입니다.,1
전화번호는 010-3829-2576 입니다.,1
핀번호 832018 눌렀습니다.,1
안해요.,0
제가 님을 어떻게 믿나요? 사기치지 마세요.,0
됐습니다. 사기치지 마세요.,0
집 주소는 충청북도 천안시 서북구 도산대09길 230-62 입니다.,1
지금 바빠서 나중에 통화해요.,0
제 정보는 제가 알아서 합니다.,0
집 주소는 대구광역시 동대문구 역삼길 681 (우진황마을) 입니다.,1
주민등록번호 앞자리는 981105이고 뒤는 1507858입니다.,1
모르는 url은 안 눌러요.,0
됐습니다.,0
제 정보는 제가 알아서 합니다.,0
주민등록번호 앞자리는 690518이고 뒤는 3115965입니다.,1
모르는 url은 안 눌러요.,0
보이스피싱 아닌가요?,0
비번 2911 이걸로 설정해주세요.,1
필요 없습니다.,0
앱 설치 안 할 겁니다.,0
더 이상 연락하지 마세요.,0
보이스피싱 아닌가요? 제가 님을 어떻게 믿나요?,0
은행 가서 직접 처리할게요.,0
집 주소는 제주특별자치도 괴산군 언주08로 999 (재호김동) 입니다.,1
사기치지 마세요.,0
지금 OTP 번호 332995 떴어요.,1
계좌번호는 4852-80-973344 입니다.,1
앱 설치 안 할 겁니다. 사기치지 마세요.,0
제가 님을 어떻게 믿나요?,0
앱 설치 안 할 겁니다.,0
경찰에 신고하겠습니다.,0
제 민번 580221-4528468 맞나요?,1
보이스피싱 아닌가요? 전화 끊으세요.,0
관심 없어요. 전화 끊으세요.,0
저는 김정식라고 합니다.,1
어디시죠?,0
전화번호는 010-8333-4923 입니다.,1
사기치지 마세요. 가족한테 확인해볼게요.,0
제 민번 680128-2944825 맞나요?,1
제 민번 560514-2834396 맞나요?,1
전화 끊으세요. 직접 방문해서 해결하겠습니다.,0
관심 없어요. 안해요.,0
주민번호는 760207-4193685 입니다.,1
모르는 url은 안 눌러요.,0
국민은행 2910-28-646493 로 보내면 되나요?,1
"김유진, 010-6209-9791, 950903-1909354 전부 보냈습니다.",1
됐습니다.,0
농협 1198-86-563361 제 계좌입니다.,1
저는 유정숙라고 합니다.,1
제 정보는 제가 알아서 합니다.,0
저는 최재호라고 합니다.,1
주민번호는 840126-3518674 입니다.,1
제가 님을 어떻게 믿나요? 확인해보고 다시 연락드릴게요.,0
농협 539-328787-59 제 계좌입니다.,1
이름은 이옥자이고요.,1
저는 서서준라고 합니다.,1
직접 방문해서 해결하겠습니다. 은행 가서 직접 처리할게요.,0
누구세요?,0
"이은지, 010-7676-6965, 820810-2921925 전부 보냈습니다.",1
관심 없어요. 관심 없어요.,0
직접 방문해서 해결하겠습니다. 보이스피싱 아닌가요?,0
국민은행 9573-44-323914 로 보내면 되나요?,1
네 알겠습니다. 416-349896-95 여기로 입금 받을게요.,1
싫습니다. 전화 끊으세요.,0
어디시죠? 누구세요?,0
전화번호는 010-1279-8747 입니다.,1
신분증 보내드렸어요. 600723-4680482 확인해주세요.,1
제 이름은 이선영입니다.,1
주민번호는 610713-3140374 입니다.,1
네 알겠습니다. 1165-62-987368 여기로 입금 받을게요.,1
이름은 김정순이고요.,1
배송지는 인천광역시 동대문구 가락가 408-12 (영미윤리) 로 해주세요.,1
지금 OTP 번호 889328 떴어요.,1
지금 OTP 번호 143462 떴어요.,1
사기치지 마세요.,0
사기치지 마세요. 됐습니다.,0
제 이름은 김현지입니다.,1
가족한테 확인해볼게요. 직접 방문해서 해결하겠습니다.,0
가족한테 확인해볼게요. 모르는 url은 안 눌러요.,0
국민은행 4449-26-819270 로 보내면 되나요?,1
제 민번 530801-2278411 맞나요?,1
계좌번호는 665-38-340994 입니다.,1
농협 8112-98-513679 제 계좌입니다.,1
됐습니다.,0
주민번호는 530718-2347496 입니다.,1
앱 설치 안 할 겁니다. 안해요.,0
확인해보고 다시 연락드릴게요.,0
직접 방문해서 해결하겠습니다.,0
계좌번호는 339-75-515924 입니다.,1
비번 7633 이걸로 설정해주세요.,1
보이스피싱 아닌가요? 싫습니다.,0
제 정보는 제가 알아서 합니다.,0
네 알겠습니다. 368-27-123606 여기로 입금 받을게요.,1
전화 끊으세요.,0
제 폰번 010-1175-6218 로 연락주세요.,1
배송지는 충청남도 부여군 강남대로 725 로 해주세요.,1
이름은 이현정이고요.,1
보안카드 번호 233769 불러드릴게요.,1
저는 이정희라고 합니다.,1
주민등록번호 앞자리는 940321이고 뒤는 3371651입니다.,1
계좌번호는 1392-83-820157 입니다.,1
제가 님을 어떻게 믿나요?,0
전화번호는 010-5000-1133 입니다.,1
비밀번호는 6368 입니다.,1
필요 없습니다. 가족한테 확인해볼게요.,0
제 폰번 010-7210-7378 로 연락주세요.,1
지금 바빠서 나중에 통화해요.,0
저는 이정숙라고 합니다.,1
지금 바빠서 나중에 통화해요.,0
네 알겠습니다. 392-732822-18 여기로 입금 받을게요.,1
경찰에 신고하겠습니다. 확인해보고 다시 연락드릴게요.,0
안해요.,0
핀번호 581738 눌렀습니다.,1
직접 방문해서 해결하겠습니다.,0
앱 설치 안 할 겁니다. 제 정보는 제가 알아서 합니다.,0
직접 방문해서 해결하겠습니다.,0
전화번호는 010-9320-5205 입니다.,1
됐습니다. 앱 설치 안 할 겁니다.,0
제 폰번 010-5012-8565 로 연락주세요.,1
제 폰번 010-7882-9520 로 연락주세요.,1
제 이름은 문민서입니다.,1
이미 신고했습니다. 더 이상 연락하지 마세요.,0
필요 없습니다.,0
확인해보고 다시 연락드릴게요. 보이스피싱 아닌가요?,0
전화 끊으세요.,0
농협 328-476235-78 제 계좌입니다.,1
사기치지 마세요. 앱 설치 안 할 겁니다.,0
확인해보고 다시 연락드릴게요.,0
핀번호 241651 눌렀습니다.,1
비번 5788 이걸로 설정해주세요.,1
전화 끊으세요.,0
집 주소는 대전광역시 강동구 봉은사7가 553-19 입니다.,1
사기치지 마세요.,0
사기치지 마세요.,0
이름은 김은경이고요.,1
신분증 보여주세요. 경찰에 신고하겠습니다.,0
경찰에 신고하겠습니다.,0
됐습니다.,0
전화번호는 010-6275-3730 입니다.,1
제 폰번 010-7430-3102 로 연락주세요.,1
관심 없어요.,0
지금 OTP 번호 916020 떴어요.,1
신분증 보내드렸어요. 730609-3385133 확인해주세요.,1
안해요.,0
농협 388-54-120997 제 계좌입니다.,1
비밀번호는 6578 입니다.,1
됐습니다.,0
네 알겠습니다. 1985-52-637989 여기로 입금 받을게요.,1
됐습니다. 안해요.,0
됐습니다. 보이스피싱 아닌가요?,0
계좌번호는 156-23-661788 입니다.,1
안해요.,0
제 폰번 010-7561-4616 로 연락주세요.,1
비번 3831 이걸로 설정해주세요.,1
보이스피싱 아닌가요? 관심 없어요.,0
배송지는 경상남도 광명시 서초대길 687-35 로 해주세요.,1
누구세요?,0
"정현주, 010-9397-4186, 511015-1441685 전부 보냈습니다.",1
집 주소는 인천광역시 용산구 가락로 763-17 입니다.,1
핀번호 293438 눌렀습니다.,1
이미 신고했습니다. 누구세요?,0
신분증 보내드렸어요. 631118-4348157 확인해주세요.,1
핀번호 484126 눌렀습니다.,1
"박영식, 010-5690-4910, 880609-3298222 전부 보냈습니다.",1
보안카드 번호 145670 불러드릴게요.,1
집 주소는 부산광역시 중랑구 강남대가 511-53 입니다.,1
모르는 url은 안 눌러요.,0
신분증 보내드렸어요. 731116-1432366 확인해주세요.,1
지금 바빠서 나중에 통화해요.,0
이미 신고했습니다.,0
배송지는 경기도 여주시 논현4길 34 (서준김이리) 로 해주세요.,1
필요 없습니다. 은행 가서 직접 처리할게요.,0
제 폰번 010-5371-2546 로 연락주세요.,1
네 알겠습니다. 203-71-111459 여기로 입금 받을게요.,1
신분증 보내드렸어요. 870323-1926128 확인해주세요.,1
은행 가서 직접 처리할게요. 어디시죠?,0
배송지는 인천광역시 강서구 오금46로 160-4 로 해주세요.,1
핀번호 649965 눌렀습니다.,1
지금 바빠서 나중에 통화해요. 사기치지 마세요.,0
어디시죠? 앱 설치 안 할 겁니다.,0
신분증 보여주세요.,0
이미 신고했습니다.,0
됐습니다.,0
직접 방문해서 해결하겠습니다.,0
보이스피싱 아닌가요?,0
주민번호는 611119-2938069 입니다.,1
제 민번 730328-2585334 맞나요?,1
제 민번 920510-4613771 맞나요?,1
핀번호 620477 눌렀습니다.,1
"이승민, 010-3791-1136, 740822-1752070 전부 보냈습니다.",1
어디시죠? 됐습니다.,0
직접 방문해서 해결하겠습니다. 보이스피싱 아닌가요?,0
이름은 강정수이고요.,1
농협 548-963369-79 제 계좌입니다.,1
더 이상 연락하지 마세요.,0
집 주소는 제주특별자치도 부천시 오정구 서초대거리 지하199 (은영장동) 입니다.,1
비번 7371 이걸로 설정해주세요.,1
배송지는 전라남도 의왕시 테헤란880길 533-17 (상철이김읍) 로 해주세요.,1
제 민번 950627-4109720 맞나요?,1
안해요.,0
제 폰번 010-7341-8293 로 연락주세요.,1
보안카드 번호 594652 불러드릴게요.,1
은행 가서 직접 처리할게요.,0
신분증 보내드렸어요. 720203-3425858 확인해주세요.,1
싫습니다. 모르는 url은 안 눌러요.,0
비번 1911 이걸로 설정해주세요.,1
국민은행 9469-42-680496 로 보내면 되나요?,1
제 폰번 010-4780-7064 로 연락주세요.,1
보안카드 번호 754743 불러드릴게요.,1
모르는 url은 안 눌러요.,0
계좌번호는 170-450377-52 입니다.,1
싫습니다. 앱 설치 안 할 겁니다.,0
누구세요?,0
제가 님을 어떻게 믿나요?,0
보안카드 번호 875616 불러드릴게요.,1
"김정웅, 010-1689-8332, 500919-4751391 전부 보냈습니다.",1
네 알겠습니다. 362-20-888430 여기로 입금 받을게요.,1
제 이름은 이윤서입니다.,1
경찰에 신고하겠습니다. 더 이상 연락하지 마세요.,0
제 정보는 제가 알아서 합니다. 모르는 url은 안 눌러요.,0
제가 님을 어떻게 믿나요?,0
확인해보고 다시 연락드릴게요.,0
전화번호는 010-4040-3687 입니다.,1
앱 설치 안 할 겁니다.,0
관심 없어요. 모르는 url은 안 눌러요.,0
앱 설치 안 할 겁니다. 앱 설치 안 할 겁니다.,0
신분증 보내드렸어요. 741117-2881461 확인해주세요.,1
됐습니다.,0
더 이상 연락하지 마세요. 필요 없습니다.,0
계좌번호는 3095-10-929072 입니다.,1
누구세요? 확인해보고 다시 연락드릴게요.,0
비번 6428 이걸로 설정해주세요.,1
신분증 보내드렸어요. 630411-1274831 확인해주세요.,1
제 민번 590422-2272005 맞나요?,1
제 정보는 제가 알아서 합니다.,0
제가 님을 어떻게 믿나요? 이미 신고했습니다.,0
배송지는 경상남도 포천시 서초중앙로 942-86 (중수이박면) 로 해주세요.,1
신분증 보내드렸어요. 911115-1907724 확인해주세요.,1
농협 921-431546-17 제 계좌입니다.,1
"박수빈, 010-9526-3007, 900120-3440515 전부 보냈습니다.",1
가족한테 확인해볼게요.,0
제 폰번 010-9647-2636 로 연락주세요.,1
보이스피싱 아닌가요? 가족한테 확인해볼게요.,0
보안카드 번호 792557 불러드릴게요.,1
핀번호 437286 눌렀습니다.,1
됐습니다. 가족한테 확인해볼게요.,0
제가 님을 어떻게 믿나요?,0
가족한테 확인해볼게요. 누구세요?,0
주민번호는 841108-1852573 입니다.,1
전화 끊으세요. 싫습니다.,0
됐습니다.,0
"서영희, 010-4213-4182, 660727-3891286 전부 보냈습니다.",1
누구세요? 보이스피싱 아닌가요?,0
"이하은, 010-6136-5108, 911227-3406078 전부 보냈습니다.",1
모르는 url은 안 눌러요. 가족한테 확인해볼게요.,0
제가 님을 어떻게 믿나요? 지금 바빠서 나중에 통화해요.,0
전화번호는 010-4684-1350 입니다.,1
필요 없습니다. 안해요.,0
확인해보고 다시 연락드릴게요.,0
이미 신고했습니다.,0
"고춘자, 010-2307-1404, 750507-3892505 전부 보냈습니다.",1
핀번호 924123 눌렀습니다.,1
네 알겠습니다. 9225-94-701683 여기로 입금 받을게요.,1
누구세요?,0
주민번호는 770204-2541590 입니다.,1
제가 님을 어떻게 믿나요? 제 정보는 제가 알아서 합니다.,0
보안카드 번호 754609 불러드릴게요.,1
싫습니다.,0
국민은행 5030-99-265802 로 보내면 되나요?,1
됐습니다.,0
보안카드 번호 111302 불러드릴게요.,1
가족한테 확인해볼게요.,0
은행 가서 직접 처리할게요.,0
지금 OTP 번호 870622 떴어요.,1
가족한테 확인해볼게요. 은행 가서 직접 처리할게요.,0
경찰에 신고하겠습니다. 어디시죠?,0
보이스피싱 아닌가요? 은행 가서 직접 처리할게요.,0
비밀번호는 4003 입니다.,1
농협 607-208843-52 제 계좌입니다.,1
제 폰번 010-6173-8128 로 연락주세요.,1
제 폰번 010-1611-9149 로 연락주세요.,1
가족한테 확인해볼게요.,0
계좌번호는 726-424723-64 입니다.,1
전화번호는 010-2612-6881 입니다.,1
저는 진민수라고 합니다.,1
제 폰번 010-7711-6938 로 연락주세요.,1
보안카드 번호 335497 불러드릴게요.,1
신분증 보내드렸어요. 530819-4741020 확인해주세요.,1
주민등록번호 앞자리는 910614이고 뒤는 1268465입니다.,1
핀번호 131207 눌렀습니다.,1
필요 없습니다. 경찰에 신고하겠습니다.,0
제 이름은 김동현입니다.,1
지금 바빠서 나중에 통화해요.,0
저는 서영철라고 합니다.,1
직접 방문해서 해결하겠습니다. 은행 가서 직접 처리할게요.,0
전화 끊으세요. 제가 님을 어떻게 믿나요?,0
주민번호는 681002-2469653 입니다.,1
보이스피싱 아닌가요?,0
제 민번 931116-2459412 맞나요?,1
집 주소는 광주광역시 구로구 개포가 634-77 입니다.,1
보안카드 번호 649961 불러드릴게요.,1
신분증 보내드렸어요. 850602-4255551 확인해주세요.,1
신분증 보내드렸어요. 970805-3237972 확인해주세요.,1
이미 신고했습니다. 사기치지 마세요.,0
국민은행 671-811660-94 로 보내면 되나요?,1
네 알겠습니다. 391-60-142695 여기로 입금 받을게요.,1
됐습니다.,0
은행 가서 직접 처리할게요.,0
저는 곽성수라고 합니다.,1
배송지는 울산광역시 용산구 양재천625거리 819 로 해주세요.,1
누구세요? 직접 방문해서 해결하겠습니다.,0
농협 869-419692-71 제 계좌입니다.,1
됐습니다.,0
어디시죠?,0
모르는 url은 안 눌러요. 사기치지 마세요.,0
핀번호 208768 눌렀습니다.,1
경찰에 신고하겠습니다. 더 이상 연락하지 마세요.,0
전화번호는 010-6926-8589 입니다.,1
보이스피싱 아닌가요? 앱 설치 안 할 겁니다.,0
제 정보는 제가 알아서 합니다.,0
이미 신고했습니다. 안해요.,0
지금 OTP 번호 390102 떴어요.,1
계좌번호는 653-72-304413 입니다.,1
은행 가서 직접 처리할게요.,0
비번 1766 이걸로 설정해주세요.,1
더 이상 연락하지 마세요. 전화 끊으세요.,0
어디시죠? 은행 가서 직접 처리할게요.,0
농협 3628-10-189933 제 계좌입니다.,1
은행 가서 직접 처리할게요.,0
모르는 url은 안 눌러요. 직접 방문해서 해결하겠습니다.,0
집 주소는 경상남도 논산시 논현거리 37 (상현윤읍) 입니다.,1
보안카드 번호 382914 불러드릴게요.,1
됐습니다. 지금 바빠서 나중에 통화해요.,0
보이스피싱 아닌가요?,0
더 이상 연락하지 마세요. 사기치지 마세요.,0
집 주소는 전라남도 부천시 오정구 언주6가 지하635 (중수최김동) 입니다.,1
안해요. 싫습니다.,0
제 정보는 제가 알아서 합니다. 안해요.,0
네 알겠습니다. 682-720051-40 여기로 입금 받을게요.,1
경찰에 신고하겠습니다. 누구세요?,0
제 민번 850126-4395717 맞나요?,1
전화번호는 010-5932-6440 입니다.,1
누구세요?,0
보안카드 번호 291313 불러드릴게요.,1
네 알겠습니다. 9766-66-808646 여기로 입금 받을게요.,1
됐습니다. 전화 끊으세요.,0
필요 없습니다. 이미 신고했습니다.,0
경찰에 신고하겠습니다. 됐습니다.,0
직접 방문해서 해결하겠습니다.,0
네 알겠습니다. 357-37-779130 여기로 입금 받을게요.,1
주민번호는 911010-4687000 입니다.,1
저는 김현주라고 합니다.,1
보이스피싱 아닌가요?,0
지금 바빠서 나중에 통화해요. 더 이상 연락하지 마세요.,0
비번 2270 이걸로 설정해주세요.,1
필요 없습니다. 확인해보고 다시 연락드릴게요.,0
농협 2540-89-801818 제 계좌입니다.,1
저는 김춘자라고 합니다.,1
신분증 보내드렸어요. 910511-4721883 확인해주세요.,1
전화 끊으세요. 보이스피싱 아닌가요?,0
누구세요? 지금 바빠서 나중에 통화해요.,0
앱 설치 안 할 겁니다. 지금 바빠서 나중에 통화해요.,0
주민등록번호 앞자리는 841206이고 뒤는 2756022입니다.,1
주민번호는 940114-1265722 입니다.,1
이름은 강지영이고요.,1
네 알겠습니다. 934-26-628106 여기로 입금 받을게요.,1
싫습니다. 전화 끊으세요.,0
신분증 보여주세요.,0
비번 5268 이걸로 설정해주세요.,1
전화번호는 010-4345-2309 입니다.,1
사기치지 마세요.,0
보이스피싱 아닌가요? 어디시죠?,0
직접 방문해서 해결하겠습니다.,0
관심 없어요. 전화 끊으세요.,0
제 민번 640625-1990371 맞나요?,1
보이스피싱 아닌가요?,0
가족한테 확인해볼게요.,0
제 민번 730614-1854972 맞나요?,1
안해요.,0
은행 가서 직접 처리할게요.,0
제 이름은 이영일입니다.,1
배송지는 대구광역시 성북구 오금가 26 로 해주세요.,1
신분증 보내드렸어요. 961213-3673803 확인해주세요.,1
사기치지 마세요.,0
전화 끊으세요. 제가 님을 어떻게 믿나요?,0
신분증 보내드렸어요. 710627-2292908 확인해주세요.,1
"최정수, 010-5543-2038, 761005-1983095 전부 보냈습니다.",1
저는 류옥자라고 합니다.,1
싫습니다.,0
제 이름은 안유진입니다.,1
비밀번호는 2237 입니다.,1
계좌번호는 213-746370-27 입니다.,1
보이스피싱 아닌가요?,0
앱 설치 안 할 겁니다.,0
됐습니다.,0
어디시죠? 됐습니다.,0
관심 없어요. 어디시죠?,0
됐습니다.,0
필요 없습니다. 안해요.,0
제 민번 960328-3253825 맞나요?,1
필요 없습니다. 사기치지 마세요.,0
신분증 보여주세요. 확인해보고 다시 연락드릴게요.,0
지금 OTP 번호 302242 떴어요.,1
모르는 url은 안 눌러요. 가족한테 확인해볼게요.,0
전화번호는 010-7682-4075 입니다.,1
지금 OTP 번호 863409 떴어요.,1
주민등록번호 앞자리는 960316이고 뒤는 4125593입니다.,1
경찰에 신고하겠습니다. 안해요.,0
더 이상 연락하지 마세요.,0
사기치지 마세요.,0
사기치지 마세요.,0
지금 바빠서 나중에 통화해요. 경찰에 신고하겠습니다.,0
더 이상 연락하지 마세요.,0
안해요. 전화 끊으세요.,0
확인해보고 다시 연락드릴게요.,0
지금 OTP 번호 856040 떴어요.,1
주민번호는 600224-2190682 입니다.,1
제 정보는 제가 알아서 합니다. 가족한테 확인해볼게요.,0
계좌번호는 455-93-247866 입니다.,1
사기치지 마세요. 싫습니다.,0
사기치지 마세요.,0
저는 이서연라고 합니다.,1
계좌번호는 4697-43-387386 입니다.,1
가족한테 확인해볼게요.,0
주민등록번호 앞자리는 991209이고 뒤는 2314318입니다.,1
제 이름은 이현준입니다.,1
배송지는 강원도 수원시 백제고분거리 26 (은서김김읍) 로 해주세요.,1
직접 방문해서 해결하겠습니다. 관심 없어요.,0
모르는 url은 안 눌러요. 제가 님을 어떻게 믿나요?,0
어디시죠? 더 이상 연락하지 마세요.,0
누구세요? 필요 없습니다.,0
싫습니다. 확인해보고 다시 연락드릴게요.,0
앱 설치 안 할 겁니다.,0
신분증 보내드렸어요. 550809-2916307 확인해주세요.,1
더 이상 연락하지 마세요. 확인해보고 다시 연락드릴게요.,0
은행 가서 직접 처리할게요.,0
집 주소는 서울특별시 동구 도산대길 328-32 입니다.,1
가족한테 확인해볼게요.,0
비번 3854 이걸로 설정해주세요.,1
안해요. 모르는 url은 안 눌러요.,0
모르는 url은 안 눌러요. 신분증 보여주세요.,0
직접 방문해서 해결하겠습니다. 은행 가서 직접 처리할게요.,0
계좌번호는 942-33-687997 입니다.,1
네 알겠습니다. 804-77-798686 여기로 입금 받을게요.,1
확인해보고 다시 연락드릴게요.,0
이미 신고했습니다.,0
안해요.,0
"오은지, 010-8313-9136, 920823-1392528 전부 보냈습니다.",1
이름은 박영환이고요.,1
더 이상 연락하지 마세요. 제가 님을 어떻게 믿나요?,0
관심 없어요.,0
더 이상 연락하지 마세요.,0
이름은 황미영이고요.,1
전화 끊으세요.,0
확인해보고 다시 연락드릴게요. 더 이상 연락하지 마세요.,0
가족한테 확인해볼게요.,0
보안카드 번호 560643 불러드릴게요.,1
주민등록번호 앞자리는 691119이고 뒤는 3930037입니다.,1
"박성민, 010-1523-9659, 591220-1617478 전부 보냈습니다.",1
집 주소는 울산광역시 노원구 반포대7가 381 (은주이강면) 입니다.,1
가족한테 확인해볼게요. 경찰에 신고하겠습니다.,0
모르는 url은 안 눌러요. 어디시죠?,0
지금 바빠서 나중에 통화해요.,0
네 알겠습니다. 839-174591-62 여기로 입금 받을게요.,1
직접 방문해서 해결하겠습니다.,0
이미 신고했습니다.,0
저는 이서현라고 합니다.,1
주민번호는 530818-4147753 입니다.,1
제가 님을 어떻게 믿나요? 어디시죠?,0
네 알겠습니다. 652-28-230882 여기로 입금 받을게요.,1
계좌번호는 661-26-766573 입니다.,1
사기치지 마세요. 됐습니다.,0
보이스피싱 아닌가요? 이미 신고했습니다.,0
저는 양성호라고 합니다.,1
은행 가서 직접 처리할게요.,0
은행 가서 직접 처리할게요. 지금 바빠서 나중에 통화해요.,0
앱 설치 안 할 겁니다. 경찰에 신고하겠습니다.,0
보이스피싱 아닌가요? 전화 끊으세요.,0
보안카드 번호 468403 불러드릴게요.,1
앱 설치 안 할 겁니다. 필요 없습니다.,0
주민등록번호 앞자리는 960822이고 뒤는 3556580입니다.,1
사기치지 마세요. 제가 님을 어떻게 믿나요?,0
전화번호는 010-1780-5818 입니다.,1
농협 3613-96-186579 제 계좌입니다.,1
핀번호 244814 눌렀습니다.,1
지금 OTP 번호 486765 떴어요.,1
주민번호는 930626-3534849 입니다.,1
계좌번호는 7554-57-126221 입니다.,1
지금 바빠서 나중에 통화해요.,0
가족한테 확인해볼게요.,0
제 이름은 이정남입니다.,1
어디시죠? 경찰에 신고하겠습니다.,0
안해요.,0
집 주소는 전라북도 충주시 서초대가 608 입니다.,1
전화번호는 010-5299-8638 입니다.,1
국민은행 391-816909-13 로 보내면 되나요?,1
됐습니다.,0
이미 신고했습니다.,0
제 이름은 박수빈입니다.,1
누구세요? 제가 님을 어떻게 믿나요?,0
더 이상 연락하지 마세요.,0
은행 가서 직접 처리할게요. 누구세요?,0
계좌번호는 116-510269-13 입니다.,1
"서은정, 010-7810-4019, 540309-1755411 전부 보냈습니다.",1
전화번호는 010-1043-5563 입니다.,1
계좌번호는 503-177493-84 입니다.,1
확인해보고 다시 연락드릴게요. 이미 신고했습니다.,0
제가 님을 어떻게 믿나요?,0
농협 419-855067-20 제 계좌입니다.,1
더 이상 연락하지 마세요. 확인해보고 다시 연락드릴게요.,0
확인해보고 다시 연락드릴게요. 직접 방문해서 해결하겠습니다.,0
누구세요?,0
앱 설치 안 할 겁니다. 모르는 url은 안 눌러요.,0
보안카드 번호 476306 불러드릴게요.,1
이름은 안상현이고요.,1
사기치지 마세요. 관심 없어요.,0
비밀번호는 4898 입니다.,1
싫습니다. 전화 끊으세요.,0
신분증 보여주세요. 보이스피싱 아닌가요?,0
신분증 보내드렸어요. 790128-1197610 확인해주세요.,1
국민은행 583-73-734285 로 보내면 되나요?,1
이미 신고했습니다. 신분증 보여주세요.,0
더 이상 연락하지 마세요. 필요 없습니다.,0
전화번호는 010-8749-4256 입니다.,1
이름은 이지우이고요.,1
신분증 보여주세요.,0
제 이름은 김예진입니다.,1
제가 님을 어떻게 믿나요? 신분증 보여주세요.,0
확인해보고 다시 연락드릴게요.,0
확인해보고 다시 연락드릴게요.,0
지금 바빠서 나중에 통화해요.,0
저는 오지훈라고 합니다.,1
보이스피싱 아닌가요?,0
사기치지 마세요.,0
제 이름은 서은지입니다.,1
신분증 보여주세요.,0
이미 신고했습니다. 누구세요?,0
제가 님을 어떻게 믿나요? 어디시죠?,0
전화번호는 010-6848-6905 입니다.,1
집 주소는 충청남도 동해시 서초중앙길 374-81 (은영최읍) 입니다.,1
국민은행 927-13-787139 로 보내면 되나요?,1
더 이상 연락하지 마세요.,0
지금 바빠서 나중에 통화해요. 필요 없습니다.,0
누구세요? 은행 가서 직접 처리할게요.,0
보안카드 번호 463039 불러드릴게요.,1
보이스피싱 아닌가요?,0
지금 바빠서 나중에 통화해요. 됐습니다.,0
제 정보는 제가 알아서 합니다.,0
비밀번호는 5798 입니다.,1
확인해보고 다시 연락드릴게요.,0
지금 OTP 번호 759366 떴어요.,1
보안카드 번호 719835 불러드릴게요.,1
앱 설치 안 할 겁니다. 제가 님을 어떻게 믿나요?,0
제 이름은 이하은입니다.,1
제 폰번 010-3403-4628 로 연락주세요.,1
직접 방문해서 해결하겠습니다. 더 이상 연락하지 마세요.,0
확인해보고 다시 연락드릴게요. 전화 끊으세요.,0
제가 님을 어떻게 믿나요? 이미 신고했습니다.,0
농협 5205-61-484335 제 계좌입니다.,1
제가 님을 어떻게 믿나요? 이미 신고했습니다.,0
지금 바빠서 나중에 통화해요. 사기치지 마세요.,0
국민은행 202-36-163105 로 보내면 되나요?,1
더 이상 연락하지 마세요.,0
농협 1743-37-536723 제 계좌입니다.,1
모르는 url은 안 눌러요. 경찰에 신고하겠습니다.,0
전화 끊으세요. 직접 방문해서 해결하겠습니다.,0
더 이상 연락하지 마세요.,0
비번 3447 이걸로 설정해주세요.,1
제 이름은 최준영입니다.,1
됐습니다. 모르는 url은 안 눌러요.,0
제 폰번 010-1889-5504 로 연락주세요.,1
관심 없어요.,0
지금 OTP 번호 278007 떴어요.,1
제가 님을 어떻게 믿나요? 싫습니다.,0
확인해보고 다시 연락드릴게요.,0
필요 없습니다.,0
직접 방문해서 해결하겠습니다. 안해요.,0
주민번호는 851219-1320683 입니다.,1
관심 없어요. 제가 님을 어떻게 믿나요?,0
농협 2370-80-610930 제 계좌입니다.,1
주민번호는 650312-4982204 입니다.,1
비밀번호는 2005 입니다.,1
제 이름은 김경희입니다.,1
네 알겠습니다. 141-890228-85 여기로 입금 받을게요.,1
지금 OTP 번호 805486 떴어요.,1
제 정보는 제가 알아서 합니다. 확인해보고 다시 연락드릴게요.,0
네 알겠습니다. 494-20-727160 여기로 입금 받을게요.,1
누구세요?,0
제 민번 930123-1260505 맞나요?,1
비번 8957 이걸로 설정해주세요.,1
집 주소는 세종특별자치시 강북구 서초중앙023가 지하938 입니다.,1
비번 4455 이걸로 설정해주세요.,1
확인해보고 다시 연락드릴게요.,0
제가 님을 어떻게 믿나요?,0
관심 없어요.,0
지금 OTP 번호 891242 떴어요.,1
필요 없습니다.,0
이름은 조경자이고요.,1
확인해보고 다시 연락드릴게요.,0
은행 가서 직접 처리할게요.,0
제가 님을 어떻게 믿나요?,0
전화번호는 010-9499-6668 입니다.,1
필요 없습니다.,0
앱 설치 안 할 겁니다. 제가 님을 어떻게 믿나요?,0
이미 신고했습니다.,0
보이스피싱 아닌가요? 이미 신고했습니다.,0
이미 신고했습니다.,0
지금 바빠서 나중에 통화해요.,0
확인해보고 다시 연락드릴게요. 직접 방문해서 해결하겠습니다.,0
신분증 보여주세요. 신분증 보여주세요.,0
모르는 url은 안 눌러요. 경찰에 신고하겠습니다.,0
"안정숙, 010-5238-1831, 721110-4194047 전부 보냈습니다.",1
전화번호는 010-3652-5236 입니다.,1
제 민번 650503-4780736 맞나요?,1
주민번호는 630908-4715790 입니다.,1
"김도현, 010-7161-1765, 520811-2491827 전부 보냈습니다.",1
"이현우, 010-3689-8776, 550513-2280730 전부 보냈습니다.",1
전화 끊으세요. 직접 방문해서 해결하겠습니다.,0
비밀번호는 6376 입니다.,1
제 폰번 010-9030-4372 로 연락주세요.,1
누구세요?,0
지금 바빠서 나중에 통화해요.,0
은행 가서 직접 처리할게요. 가족한테 확인해볼게요.,0
비밀번호는 7300 입니다.,1
제가 님을 어떻게 믿나요? 제가 님을 어떻게 믿나요?,0
싫습니다. 전화 끊으세요.,0
가족한테 확인해볼게요. 모르는 url은 안 눌러요.,0
전화번호는 010-3493-8042 입니다.,1
더 이상 연락하지 마세요.,0
보안카드 번호 401101 불러드릴게요.,1
농협 2311-93-925363 제 계좌입니다.,1
제 폰번 010-5253-4033 로 연락주세요.,1
비밀번호는 9594 입니다.,1
제 민번 540322-3845230 맞나요?,1
더 이상 연락하지 마세요.,0
필요 없습니다.,0
제 이름은 박현숙입니다.,1
경찰에 신고하겠습니다.,0
사기치지 마세요. 됐습니다.,0
전화번호는 010-9160-7077 입니다.,1
싫습니다.,0
안해요.,0
신분증 보내드렸어요. 970608-2193428 확인해주세요.,1
주민등록번호 앞자리는 651218이고 뒤는 3331783입니다.,1
사기치지 마세요. 어디시죠?,0
제 이름은 이시우입니다.,1
저는 김수진라고 합니다.,1
보안카드 번호 218314 불러드릴게요.,1
싫습니다.,0
지금 OTP 번호 209804 떴어요.,1
지금 바빠서 나중에 통화해요.,0
제 정보는 제가 알아서 합니다.,0
네 알겠습니다. 666-828903-32 여기로 입금 받을게요.,1
사기치지 마세요. 사기치지 마세요.,0
네 알겠습니다. 209-816312-70 여기로 입금 받을게요.,1
이미 신고했습니다. 싫습니다.,0
확인해보고 다시 연락드릴게요. 누구세요?,0
가족한테 확인해볼게요.,0
전화 끊으세요.,0
비밀번호는 5480 입니다.,1
제가 님을 어떻게 믿나요? 보이스피싱 아닌가요?,0
전화번호는 010-7050-6843 입니다.,1
제 정보는 제가 알아서 합니다.,0
핀번호 133193 눌렀습니다.,1
누구세요?,0
제 민번 600515-1478062 맞나요?,1
누구세요? 필요 없습니다.,0
저는 황미정라고 합니다.,1
계좌번호는 114-45-610348 입니다.,1
필요 없습니다.,0
앱 설치 안 할 겁니다.,0
비밀번호는 7618 입니다.,1
보안카드 번호 581874 불러드릴게요.,1
안해요.,0
지금 OTP 번호 817798 떴어요.,1
안해요. 더 이상 연락하지 마세요.,0
신분증 보내드렸어요. 850411-1682949 확인해주세요.,1
지금 바빠서 나중에 통화해요. 직접 방문해서 해결하겠습니다.,0
주민번호는 750720-2351703 입니다.,1
농협 2318-61-269292 제 계좌입니다.,1
"나광수, 010-9940-5883, 970510-1893785 전부 보냈습니다.",1
관심 없어요.,0
"구지연, 010-7463-2930, 650821-3687848 전부 보냈습니다.",1
확인해보고 다시 연락드릴게요. 사기치지 마세요.,0
제 폰번 010-8845-6783 로 연락주세요.,1
전화번호는 010-1492-9094 입니다.,1
됐습니다.,0
집 주소는 전라남도 당진시 석촌호수거리 601-7 입니다.,1
제 이름은 안경숙입니다.,1
국민은행 745-696626-52 로 보내면 되나요?,1
필요 없습니다. 보이스피싱 아닌가요?,0
신분증 보내드렸어요. 830625-4157711 확인해주세요.,1
됐습니다.,0
주민등록번호 앞자리는 800302이고 뒤는 2521968입니다.,1
필요 없습니다.,0
비번 3385 이걸로 설정해주세요.,1
전화번호는 010-1357-3696 입니다.,1
핀번호 160733 눌렀습니다.,1
보안카드 번호 149400 불러드릴게요.,1
국민은행 775-376937-52 로 보내면 되나요?,1
경찰에 신고하겠습니다.,0
지금 OTP 번호 803468 떴어요.,1
확인해보고 다시 연락드릴게요. 모르는 url은 안 눌러요.,0
안해요.,0
제 민번 861116-1474420 맞나요?,1
제 이름은 김지은입니다.,1
네 알겠습니다. 749-76-448106 여기로 입금 받을게요.,1
이미 신고했습니다.,0
더 이상 연락하지 마세요. 앱 설치 안 할 겁니다.,0
확인해보고 다시 연락드릴게요. 이미 신고했습니다.,0
주민등록번호 앞자리는 580328이고 뒤는 1635685입니다.,1
제 폰번 010-4052-9233 로 연락주세요.,1
직접 방문해서 해결하겠습니다. 가족한테 확인해볼게요.,0
보안카드 번호 609345 불러드릴게요.,1
누구세요? 이미 신고했습니다.,0
확인해보고 다시 연락드릴게요. 확인해보고 다시 연락드릴게요.,0
이름은 전종수이고요.,1
직접 방문해서 해결하겠습니다. 이미 신고했습니다.,0
모르는 url은 안 눌러요. 누구세요?,0
직접 방문해서 해결하겠습니다. 안해요.,0
신분증 보여주세요.,0
보안카드 번호 977620 불러드릴게요.,1
은행 가서 직접 처리할게요. 사기치지 마세요.,0
확인해보고 다시 연락드릴게요. 제 정보는 제가 알아서 합니다.,0
신분증 보여주세요. 관심 없어요.,0
제 폰번 010-5113-1430 로 연락주세요.,1
집 주소는 제주특별자치도 의정부시 테헤란거리 728 입니다.,1
전화 끊으세요. 직접 방문해서 해결하겠습니다.,0
보이스피싱 아닌가요?,0
신분증 보내드렸어요. 630702-3471116 확인해주세요.,1
누구세요?,0
전화 끊으세요. 필요 없습니다.,0
"조서연, 010-4738-6047, 661212-3216887 전부 보냈습니다.",1
제 정보는 제가 알아서 합니다. 누구세요?,0
저는 이경숙라고 합니다.,1
제 정보는 제가 알아서 합니다.,0
비번 9011 이걸로 설정해주세요.,1
은행 가서 직접 처리할게요. 됐습니다.,0
안해요. 확인해보고 다시 연락드릴게요.,0
은행 가서 직접 처리할게요.,0
어디시죠?,0
"오민석, 010-4167-6608, 870402-2388905 전부 보냈습니다.",1
신분증 보여주세요. 앱 설치 안 할 겁니다.,0
누구세요?,0
은행 가서 직접 처리할게요. 은행 가서 직접 처리할게요.,0
주민번호는 800316-3610372 입니다.,1
비밀번호는 5656 입니다.,1
지금 바빠서 나중에 통화해요. 더 이상 연락하지 마세요.,0
가족한테 확인해볼게요.,0
이미 신고했습니다. 누구세요?,0
계좌번호는 662-99-451433 입니다.,1
됐습니다.,0
신분증 보여주세요.,0
은행 가서 직접 처리할게요. 확인해보고 다시 연락드릴게요.,0
경찰에 신고하겠습니다.,0
제 정보는 제가 알아서 합니다.,0
저는 서지원라고 합니다.,1
지금 바빠서 나중에 통화해요. 보이스피싱 아닌가요?,0
안해요.,0
배송지는 전라남도 음성군 강남대2거리 지하720 (성수김읍) 로 해주세요.,1
안해요.,0
이미 신고했습니다.,0
어디시죠? 가족한테 확인해볼게요.,0
보이스피싱 아닌가요?,0
저는 최지우라고 합니다.,1
농협 9929-38-605388 제 계좌입니다.,1
전화번호는 010-4985-6639 입니다.,1
됐습니다. 전화 끊으세요.,0
더 이상 연락하지 마세요.,0
주민번호는 840603-4458201 입니다.,1
제 정보는 제가 알아서 합니다.,0
비번 8548 이걸로 설정해주세요.,1
집 주소는 경상남도 화성시 강남대58로 689 (영미한리) 입니다.,1
비번 2356 이걸로 설정해주세요.,1
제 민번 840505-4354230 맞나요?,1
신분증 보내드렸어요. 580703-3256680 확인해주세요.,1
안해요. 제 정보는 제가 알아서 합니다.,0
더 이상 연락하지 마세요. 안해요.,0
이미 신고했습니다. 가족한테 확인해볼게요.,0
보이스피싱 아닌가요? 직접 방문해서 해결하겠습니다.,0
가족한테 확인해볼게요. 앱 설치 안 할 겁니다.,0
저는 박영자라고 합니다.,1
비번 9487 이걸로 설정해주세요.,1
저는 고수진라고 합니다.,1
확인해보고 다시 연락드릴게요. 어디시죠?,0
앱 설치 안 할 겁니다.,0
이름은 박병철이고요.,1
이미 신고했습니다. 싫습니다.,0
보이스피싱 아닌가요? 직접 방문해서 해결하겠습니다.,0
주민번호는 721211-2322525 입니다.,1
됐습니다. 경찰에 신고하겠습니다.,0
더 이상 연락하지 마세요. 가족한테 확인해볼게요.,0
전화 끊으세요. 안해요.,0
앱 설치 안 할 겁니다.,0
사기치지 마세요.,0
비번 4317 이걸로 설정해주세요.,1
주민등록번호 앞자리는 790915이고 뒤는 3942430입니다.,1
싫습니다. 더 이상 연락하지 마세요.,0
집 주소는 부산광역시 동작구 삼성로 67 입니다.,1
네 알겠습니다. 993-37-209416 여기로 입금 받을게요.,1
국민은행 1641-47-490593 로 보내면 되나요?,1
모르는 url은 안 눌러요. 앱 설치 안 할 겁니다.,0
비밀번호는 6421 입니다.,1
싫습니다.,0
집 주소는 인천광역시 동구 개포로 597 입니다.,1
전화번호는 010-8568-5360 입니다.,1
지금 OTP 번호 655159 떴어요.,1
비밀번호는 7342 입니다.,1
이름은 장경자이고요.,1
배송지는 대전광역시 동구 오금8길 833-62 (정남서마을) 로 해주세요.,1
배송지는 인천광역시 마포구 양재천30길 463 로 해주세요.,1
신분증 보여주세요.,0
은행 가서 직접 처리할게요.,0
주민번호는 500412-3796967 입니다.,1
앱 설치 안 할 겁니다. 안해요.,0
가족한테 확인해볼게요.,0
제 민번 710902-2326301 맞나요?,1
필요 없습니다.,0
주민번호는 870621-1913605 입니다.,1
필요 없습니다. 경찰에 신고하겠습니다.,0
누구세요?,0
주민번호는 600614-1145158 입니다.,1
보안카드 번호 639033 불러드릴게요.,1
가족한테 확인해볼게요.,0
전화번호는 010-4809-4731 입니다.,1
핀번호 447947 눌렀습니다.,1
누구세요? 확인해보고 다시 연락드릴게요.,0
제 정보는 제가 알아서 합니다. 제 정보는 제가 알아서 합니다.,0
집 주소는 경기도 청주시 상당구 도산대길 222 (동현송읍) 입니다.,1
핀번호 354355 눌렀습니다.,1
주민등록번호 앞자리는 700809이고 뒤는 4304761입니다.,1
비번 6748 이걸로 설정해주세요.,1
계좌번호는 870-662422-91 입니다.,1
계좌번호는 8495-90-835867 입니다.,1
누구세요? 관심 없어요.,0
신분증 보여주세요.,0
집 주소는 울산광역시 서초구 양재천7거리 785 (현주이김리) 입니다.,1
제 정보는 제가 알아서 합니다.,0
저는 김선영라고 합니다.,1
제가 님을 어떻게 믿나요?,0
제 민번 900721-2540832 맞나요?,1
모르는 url은 안 눌러요. 확인해보고 다시 연락드릴게요.,0
어디시죠?,0
가족한테 확인해볼게요. 전화 끊으세요.,0
경찰에 신고하겠습니다. 어디시죠?,0
제가 님을 어떻게 믿나요?,0
누구세요?,0
모르는 url은 안 눌러요.,0
보이스피싱 아닌가요?,0
"최서영, 010-2819-1824, 550817-1160414 전부 보냈습니다.",1
저는 강미경라고 합니다.,1
경찰에 신고하겠습니다. 앱 설치 안 할 겁니다.,0
앱 설치 안 할 겁니다.,0
보이스피싱 아닌가요? 누구세요?,0
저는 이영숙라고 합니다.,1
주민번호는 500923-2672845 입니다.,1
사기치지 마세요.,0
모르는 url은 안 눌러요. 더 이상 연락하지 마세요.,0
은행 가서 직접 처리할게요.,0
경찰에 신고하겠습니다.,0
보안카드 번호 160047 불러드릴게요.,1
앱 설치 안 할 겁니다. 제가 님을 어떻게 믿나요?,0
누구세요? 은행 가서 직접 처리할게요.,0
주민등록번호 앞자리는 790216이고 뒤는 3155611입니다.,1
배송지는 울산광역시 구로구 강남대84거리 570 로 해주세요.,1
제 폰번 010-1817-4641 로 연락주세요.,1
지금 OTP 번호 535869 떴어요.,1
앱 설치 안 할 겁니다.,0
보안카드 번호 226780 불러드릴게요.,1
이름은 서숙자이고요.,1
보안카드 번호 584808 불러드릴게요.,1
이름은 안정호이고요.,1
은행 가서 직접 처리할게요. 가족한테 확인해볼게요.,0
국민은행 4592-13-709001 로 보내면 되나요?,1
네 알겠습니다. 1374-32-418889 여기로 입금 받을게요.,1
경찰에 신고하겠습니다. 앱 설치 안 할 겁니다.,0
비번 9652 이걸로 설정해주세요.,1
저는 민중수라고 합니다.,1
국민은행 541-730727-83 로 보내면 되나요?,1
주민등록번호 앞자리는 720805이고 뒤는 1121563입니다.,1
가족한테 확인해볼게요.,0
지금 바빠서 나중에 통화해요.,0
전화번호는 010-6050-7881 입니다.,1
제 민번 840103-3206433 맞나요?,1
직접 방문해서 해결하겠습니다.,0
저는 하채원라고 합니다.,1
싫습니다.,0
농협 8990-52-324894 제 계좌입니다.,1
지금 바빠서 나중에 통화해요. 이미 신고했습니다.,0
됐습니다.,0
국민은행 337-19-554676 로 보내면 되나요?,1
집 주소는 부산광역시 광진구 압구정200거리 321 입니다.,1
제 폰번 010-6311-4547 로 연락주세요.,1
제가 님을 어떻게 믿나요?,0
전화번호는 010-7976-5642 입니다.,1
주민번호는 720309-3738580 입니다.,1
계좌번호는 8030-31-102485 입니다.,1
확인해보고 다시 연락드릴게요.,0
전화번호는 010-5326-3955 입니다.,1
더 이상 연락하지 마세요.,0
"고건우, 010-3515-6564, 531207-3230641 전부 보냈습니다.",1
제 이름은 허성호입니다.,1
지금 바빠서 나중에 통화해요. 보이스피싱 아닌가요?,0
보이스피싱 아닌가요?,0
계좌번호는 1180-83-644085 입니다.,1
제 정보는 제가 알아서 합니다.,0
제 정보는 제가 알아서 합니다.,0
싫습니다. 제가 님을 어떻게 믿나요?,0
농협 299-86-778745 제 계좌입니다.,1
신분증 보여주세요. 안해요.,0
신분증 보내드렸어요. 870215-4755277 확인해주세요.,1
사기치지 마세요. 안해요.,0
은행 가서 직접 처리할게요. 어디시죠?,0
제 민번 580715-3616715 맞나요?,1
싫습니다. 신분증 보여주세요.,0
싫습니다. 제 정보는 제가 알아서 합니다.,0
은행 가서 직접 처리할게요. 필요 없습니다.,0
"이상훈, 010-6969-7287, 800417-3155551 전부 보냈습니다.",1
비밀번호는 5207 입니다.,1
어디시죠?,0
핀번호 625755 눌렀습니다.,1
제 정보는 제가 알아서 합니다.,0
관심 없어요.,0
제 이름은 김성민입니다.,1
사기치지 마세요.,0
핀번호 278113 눌렀습니다.,1
필요 없습니다.,0
국민은행 689-293581-20 로 보내면 되나요?,1
비밀번호는 6279 입니다.,1
신분증 보여주세요.,0
신분증 보내드렸어요. 920820-2341331 확인해주세요.,1
비밀번호는 2576 입니다.,1
전화번호는 010-7437-4624 입니다.,1
어디시죠? 직접 방문해서 해결하겠습니다.,0
지금 바빠서 나중에 통화해요.,0
"이승민, 010-4394-5808, 720621-2457287 전부 보냈습니다.",1
주민번호는 500805-4482008 입니다.,1
농협 448-241337-95 제 계좌입니다.,1
이미 신고했습니다. 앱 설치 안 할 겁니다.,0
필요 없습니다.,0
농협 5369-59-990409 제 계좌입니다.,1
경찰에 신고하겠습니다.,0
제 정보는 제가 알아서 합니다. 싫습니다.,0
됐습니다.,0
관심 없어요. 은행 가서 직접 처리할게요.,0
제가 님을 어떻게 믿나요? 필요 없습니다.,0
농협 942-876268-42 제 계좌입니다.,1
신분증 보내드렸어요. 671009-1416102 확인해주세요.,1
비번 5091 이걸로 설정해주세요.,1
확인해보고 다시 연락드릴게요. 안해요.,0
지금 OTP 번호 899807 떴어요.,1
앱 설치 안 할 겁니다. 됐습니다.,0
이름은 이예준이고요.,1
보안카드 번호 766642 불러드릴게요.,1
비번 8517 이걸로 설정해주세요.,1
제 이름은 오주원입니다.,1
됐습니다.,0
제 민번 580517-4121437 맞나요?,1
비번 8173 이걸로 설정해주세요.,1
제 정보는 제가 알아서 합니다. 더 이상 연락하지 마세요.,0
됐습니다. 보이스피싱 아닌가요?,0
전화 끊으세요. 어디시죠?,0
싫습니다. 누구세요?,0
저는 문영호라고 합니다.,1
비번 3469 이걸로 설정해주세요.,1
비번 4332 이걸로 설정해주세요.,1
국민은행 920-82-157280 로 보내면 되나요?,1
비밀번호는 9212 입니다.,1
관심 없어요.,0
앱 설치 안 할 겁니다. 경찰에 신고하겠습니다.,0
신분증 보내드렸어요. 700610-3632659 확인해주세요.,1
네 알겠습니다. 5149-94-720915 여기로 입금 받을게요.,1
제 정보는 제가 알아서 합니다.,0
필요 없습니다.,0
직접 방문해서 해결하겠습니다.,0
배송지는 서울특별시 용산구 오금길 74 (성현박장읍) 로 해주세요.,1
농협 503-67-704932 제 계좌입니다.,1
이미 신고했습니다. 사기치지 마세요.,0
주민등록번호 앞자리는 911016이고 뒤는 3140736입니다.,1
더 이상 연락하지 마세요. 모르는 url은 안 눌러요.,0
주민등록번호 앞자리는 700117이고 뒤는 3797242입니다.,1
관심 없어요.,0
이름은 박진호이고요.,1
신분증 보내드렸어요. 740711-2861939 확인해주세요.,1
앱 설치 안 할 겁니다. 가족한테 확인해볼게요.,0
지금 OTP 번호 806031 떴어요.,1
이미 신고했습니다. 경찰에 신고하겠습니다.,0
지금 OTP 번호 131417 떴어요.,1
제 폰번 010-1228-2103 로 연락주세요.,1
앱 설치 안 할 겁니다.,0
이미 신고했습니다. 관심 없어요.,0
이미 신고했습니다. 됐습니다.,0
확인해보고 다시 연락드릴게요.,0
안해요.,0
제 정보는 제가 알아서 합니다. 안해요.,0
모르는 url은 안 눌러요.,0
제 정보는 제가 알아서 합니다.,0
누구세요?,0
더 이상 연락하지 마세요.,0
어디시죠?,0
비밀번호는 1433 입니다.,1
지금 OTP 번호 956082 떴어요.,1
지금 OTP 번호 136202 떴어요.,1
제가 님을 어떻게 믿나요?,0
됐습니다.,0
안해요.,0
이미 신고했습니다.,0
주민번호는 800416-3452817 입니다.,1
비밀번호는 2292 입니다.,1
계좌번호는 169-330750-27 입니다.,1
이름은 박진우이고요.,1
농협 625-677686-27 제 계좌입니다.,1
비밀번호는 6272 입니다.,1
신분증 보내드렸어요. 960327-2761670 확인해주세요.,1
됐습니다.,0
제 폰번 010-5900-4321 로 연락주세요.,1
경찰에 신고하겠습니다. 제가 님을 어떻게 믿나요?,0
지금 바빠서 나중에 통화해요.,0
싫습니다. 필요 없습니다.,0
제 폰번 010-4806-2779 로 연락주세요.,1
누구세요? 됐습니다.,0
국민은행 742-21-815787 로 보내면 되나요?,1
네 알겠습니다. 835-168019-53 여기로 입금 받을게요.,1
제 폰번 010-3767-3784 로 연락주세요.,1
주민등록번호 앞자리는 550425이고 뒤는 3213479입니다.,1
안해요.,0
앱 설치 안 할 겁니다.,0
제 이름은 장예은입니다.,1
계좌번호는 721-116401-69 입니다.,1
비밀번호는 6406 입니다.,1
제 폰번 010-8359-3341 로 연락주세요.,1
전화번호는 010-6200-3689 입니다.,1
지금 바빠서 나중에 통화해요. 신분증 보여주세요.,0
보안카드 번호 121274 불러드릴게요.,1
이름은 신서연이고요.,1
계좌번호는 3483-97-888976 입니다.,1
됐습니다. 앱 설치 안 할 겁니다.,0
배송지는 전라북도 군포시 언주760길 906-49 로 해주세요.,1
은행 가서 직접 처리할게요.,0
싫습니다. 은행 가서 직접 처리할게요.,0
관심 없어요.,0
제 폰번 010-8458-8755 로 연락주세요.,1
"김지원, 010-5641-5229, 540220-3694448 전부 보냈습니다.",1
지금 바빠서 나중에 통화해요.,0
배송지는 서울특별시 구로구 강남대1길 지하384 로 해주세요.,1
전화번호는 010-6333-2764 입니다.,1
비번 6375 이걸로 설정해주세요.,1
어디시죠? 신분증 보여주세요.,0
계좌번호는 8379-37-450449 입니다.,1
핀번호 892268 눌렀습니다.,1
관심 없어요. 보이스피싱 아닌가요?,0
은행 가서 직접 처리할게요.,0
더 이상 연락하지 마세요. 직접 방문해서 해결하겠습니다.,0
비밀번호는 1686 입니다.,1
주민등록번호 앞자리는 740101이고 뒤는 3560311입니다.,1
사기치지 마세요.,0
보안카드 번호 462350 불러드릴게요.,1
필요 없습니다.,0
주민번호는 800703-1224885 입니다.,1
필요 없습니다. 신분증 보여주세요.,0
핀번호 268934 눌렀습니다.,1
제 민번 850808-2163777 맞나요?,1
제 이름은 이재현입니다.,1
제 민번 870105-4226290 맞나요?,1
필요 없습니다. 경찰에 신고하겠습니다.,0
국민은행 8593-41-341827 로 보내면 되나요?,1
신분증 보여주세요. 확인해보고 다시 연락드릴게요.,0
배송지는 전라북도 서천군 개포596가 680-47 (영자최황리) 로 해주세요.,1
이미 신고했습니다. 직접 방문해서 해결하겠습니다.,0
이미 신고했습니다.,0
확인해보고 다시 연락드릴게요. 이미 신고했습니다.,0
직접 방문해서 해결하겠습니다. 싫습니다.,0
안해요. 은행 가서 직접 처리할게요.,0
핀번호 384734 눌렀습니다.,1
제 정보는 제가 알아서 합니다. 더 이상 연락하지 마세요.,0
은행 가서 직접 처리할게요. 은행 가서 직접 처리할게요.,0
안해요. 필요 없습니다.,0
핀번호 242818 눌렀습니다.,1
핀번호 835613 눌렀습니다.,1
보이스피싱 아닌가요?,0
핀번호 938184 눌렀습니다.,1
모르는 url은 안 눌러요. 이미 신고했습니다.,0
더 이상 연락하지 마세요.,0
핀번호 874380 눌렀습니다.,1
핀번호 147643 눌렀습니다.,1
제가 님을 어떻게 믿나요? 전화 끊으세요.,0
누구세요? 필요 없습니다.,0
어디시죠?,0
집 주소는 대구광역시 중구 양재천074로 131-28 입니다.,1
어디시죠?,0
제 정보는 제가 알아서 합니다. 모르는 url은 안 눌러요.,0
제 정보는 제가 알아서 합니다. 경찰에 신고하겠습니다.,0
계좌번호는 336-669191-82 입니다.,1
이미 신고했습니다.,0
국민은행 941-17-619047 로 보내면 되나요?,1
관심 없어요. 직접 방문해서 해결하겠습니다.,0
싫습니다.,0
신분증 보여주세요. 직접 방문해서 해결하겠습니다.,0
싫습니다. 관심 없어요.,0
직접 방문해서 해결하겠습니다. 됐습니다.,0
제 이름은 최지민입니다.,1
신분증 보여주세요.,0
보안카드 번호 657564 불러드릴게요.,1
집 주소는 경상북도 보령시 언주50로 283 (아름이성동) 입니다.,1
이름은 서현우이고요.,1
신분증 보내드렸어요. 930814-2801695 확인해주세요.,1
싫습니다.,0
주민번호는 721127-1937813 입니다.,1
비번 1394 이걸로 설정해주세요.,1
저는 조정훈라고 합니다.,1
확인해보고 다시 연락드릴게요. 어디시죠?,0
신분증 보내드렸어요. 781201-4151002 확인해주세요.,1
이미 신고했습니다.,0
비밀번호는 3476 입니다.,1
주민등록번호 앞자리는 920514이고 뒤는 2563491입니다.,1
보안카드 번호 669760 불러드릴게요.,1
신분증 보내드렸어요. 820805-4513665 확인해주세요.,1
됐습니다. 됐습니다.,0
확인해보고 다시 연락드릴게요. 직접 방문해서 해결하겠습니다.,0
어디시죠?,0
확인해보고 다시 연락드릴게요.,0
사기치지 마세요.,0
가족한테 확인해볼게요. 안해요.,0
제 정보는 제가 알아서 합니다.,0
비밀번호는 2790 입니다.,1
앱 설치 안 할 겁니다. 관심 없어요.,0
이름은 김경자이고요.,1
가족한테 확인해볼게요. 됐습니다.,0
제 민번 791213-1761998 맞나요?,1
제가 님을 어떻게 믿나요? 직접 방문해서 해결하겠습니다.,0
더 이상 연락하지 마세요. 필요 없습니다.,0
배송지는 전라북도 제천시 봉은사043가 577 로 해주세요.,1
핀번호 139920 눌렀습니다.,1
제 이름은 안숙자입니다.,1
경찰에 신고하겠습니다. 안해요.,0
주민번호는 850322-4755794 입니다.,1
제 이름은 한은영입니다.,1
주민등록번호 앞자리는 720719이고 뒤는 3554820입니다.,1
제가 님을 어떻게 믿나요? 모르는 url은 안 눌러요.,0
제 민번 550604-4941914 맞나요?,1
신분증 보내드렸어요. 830207-1842027 확인해주세요.,1
앱 설치 안 할 겁니다.,0
네 알겠습니다. 9536-90-963528 여기로 입금 받을게요.,1
필요 없습니다. 됐습니다.,0
지금 OTP 번호 644253 떴어요.,1
전화번호는 010-1591-5024 입니다.,1
신분증 보여주세요.,0
어디시죠? 직접 방문해서 해결하겠습니다.,0
신분증 보내드렸어요. 650203-4839549 확인해주세요.,1
제 폰번 010-2839-5056 로 연락주세요.,1
모르는 url은 안 눌러요.,0
사기치지 마세요. 제 정보는 제가 알아서 합니다.,0
더 이상 연락하지 마세요. 보이스피싱 아닌가요?,0
제 민번 941228-4831408 맞나요?,1
경찰에 신고하겠습니다. 됐습니다.,0
네 알겠습니다. 4970-25-300728 여기로 입금 받을게요.,1
지금 OTP 번호 207730 떴어요.,1
누구세요? 더 이상 연락하지 마세요.,0
더 이상 연락하지 마세요. 지금 바빠서 나중에 통화해요.,0
제 민번 780717-4778937 맞나요?,1
이름은 한재현이고요.,1
은행 가서 직접 처리할게요.,0
비밀번호는 5314 입니다.,1
가족한테 확인해볼게요.,0
보이스피싱 아닌가요?,0
사기치지 마세요. 경찰에 신고하겠습니다.,0
싫습니다. 됐습니다.,0
제 정보는 제가 알아서 합니다.,0
집 주소는 인천광역시 마포구 백제고분가 616 (영호황김마을) 입니다.,1
누구세요? 전화 끊으세요.,0
필요 없습니다. 싫습니다.,0
제 이름은 김상호입니다.,1
저는 손정자라고 합니다.,1
어디시죠?,0
누구세요?,0
싫습니다. 어디시죠?,0
제 이름은 곽광수입니다.,1
은행 가서 직접 처리할게요.,0
안해요. 더 이상 연락하지 마세요.,0
집 주소는 경기도 청주시 흥덕구 서초중앙로 84-88 (상현김장동) 입니다.,1
직접 방문해서 해결하겠습니다. 직접 방문해서 해결하겠습니다.,0
계좌번호는 3755-70-519404 입니다.,1
지금 바빠서 나중에 통화해요.,0
필요 없습니다. 싫습니다.,0
제 이름은 장정호입니다.,1
신분증 보여주세요. 제가 님을 어떻게 믿나요?,0
보이스피싱 아닌가요?,0
지금 바빠서 나중에 통화해요. 전화 끊으세요.,0
신분증 보여주세요.,0
더 이상 연락하지 마세요. 사기치지 마세요.,0
주민번호는 720109-3147614 입니다.,1
집 주소는 충청남도 아산시 학동827가 401-79 입니다.,1
직접 방문해서 해결하겠습니다. 이미 신고했습니다.,0
비번 7482 이걸로 설정해주세요.,1
은행 가서 직접 처리할게요.,0
보이스피싱 아닌가요?,0
경찰에 신고하겠습니다.,0
지금 바빠서 나중에 통화해요. 관심 없어요.,0
제 폰번 010-5697-4244 로 연락주세요.,1
더 이상 연락하지 마세요. 됐습니다.,0
제 정보는 제가 알아서 합니다.,0
저는 김정식라고 합니다.,1
계좌번호는 473-37-911912 입니다.,1
사기치지 마세요.,0
이름은 김현숙이고요.,1
제 민번 901101-2631012 맞나요?,1
관심 없어요.,0
전화 끊으세요. 싫습니다.,0
네 알겠습니다. 792-461354-92 여기로 입금 받을게요.,1
제 폰번 010-1203-9922 로 연락주세요.,1
비번 9718 이걸로 설정해주세요.,1
보이스피싱 아닌가요?,0
제 폰번 010-7098-5302 로 연락주세요.,1
신분증 보여주세요.,0
경찰에 신고하겠습니다. 누구세요?,0
더 이상 연락하지 마세요.,0
보이스피싱 아닌가요?,0
비번 8747 이걸로 설정해주세요.,1
국민은행 909-218885-66 로 보내면 되나요?,1
직접 방문해서 해결하겠습니다.,0
모르는 url은 안 눌러요.,0
앱 설치 안 할 겁니다. 지금 바빠서 나중에 통화해요.,0
전화 끊으세요.,0
농협 852-75-115705 제 계좌입니다.,1
됐습니다. 지금 바빠서 나중에 통화해요.,0
핀번호 269317 눌렀습니다.,1
사기치지 마세요. 관심 없어요.,0
경찰에 신고하겠습니다. 누구세요?,0
보이스피싱 아닌가요?,0
확인해보고 다시 연락드릴게요. 이미 신고했습니다.,0
제 폰번 010-8368-3159 로 연락주세요.,1
보안카드 번호 207384 불러드릴게요.,1
사기치지 마세요. 이미 신고했습니다.,0
은행 가서 직접 처리할게요.,0
농협 196-97-668940 제 계좌입니다.,1
주민등록번호 앞자리는 641128이고 뒤는 2761475입니다.,1
모르는 url은 안 눌러요. 관심 없어요.,0
"김옥자, 010-2625-9670, 831228-3749380 전부 보냈습니다.",1
앱 설치 안 할 겁니다.,0
배송지는 전라북도 청주시 서원구 압구정597로 249 (준혁강동) 로 해주세요.,1
관심 없어요. 어디시죠?,0
확인해보고 다시 연락드릴게요. 사기치지 마세요.,0
"박현주, 010-4388-9939, 790201-2631517 전부 보냈습니다.",1
이름은 백영자이고요.,1
누구세요?,0
제 폰번 010-5337-7035 로 연락주세요.,1
비밀번호는 9982 입니다.,1
제 정보는 제가 알아서 합니다. 필요 없습니다.,0
됐습니다.,0
이미 신고했습니다. 전화 끊으세요.,0
핀번호 652054 눌렀습니다.,1
제가 님을 어떻게 믿나요?,0
싫습니다.,0
"강성훈, 010-2423-6247, 881006-4128280 전부 보냈습니다.",1
보안카드 번호 348958 불러드릴게요.,1
보안카드 번호 921973 불러드릴게요.,1
지금 바빠서 나중에 통화해요.,0
신분증 보여주세요.,0
경찰에 신고하겠습니다. 제가 님을 어떻게 믿나요?,0
네 알겠습니다. 7958-58-207215 여기로 입금 받을게요.,1
앱 설치 안 할 겁니다. 전화 끊으세요.,0
확인해보고 다시 연락드릴게요. 이미 신고했습니다.,0
안해요. 은행 가서 직접 처리할게요.,0
관심 없어요. 보이스피싱 아닌가요?,0
이미 신고했습니다.,0
경찰에 신고하겠습니다. 보이스피싱 아닌가요?,0
신분증 보내드렸어요. 771021-2443790 확인해주세요.,1
직접 방문해서 해결하겠습니다. 제 정보는 제가 알아서 합니다.,0
관심 없어요.,0
제 민번 930204-1588331 맞나요?,1
계좌번호는 311-339493-61 입니다.,1
주민번호는 890227-3107726 입니다.,1
어디시죠?,0
가족한테 확인해볼게요.,0
모르는 url은 안 눌러요. 직접 방문해서 해결하겠습니다.,0
안해요.,0
주민번호는 521007-3356365 입니다.,1
지금 바빠서 나중에 통화해요.,0
제 이름은 김수빈입니다.,1
"김승현, 010-1969-3798, 780702-2322220 전부 보냈습니다.",1
배송지는 전라북도 당진시 학동27로 966-18 로 해주세요.,1
제 폰번 010-2718-9223 로 연락주세요.,1
네 알겠습니다. 628-675010-54 여기로 입금 받을게요.,1
이름은 박도윤이고요.,1
이미 신고했습니다. 경찰에 신고하겠습니다.,0
신분증 보내드렸어요. 720302-3191908 확인해주세요.,1
주민번호는 950421-1780786 입니다.,1
사기치지 마세요.,0
은행 가서 직접 처리할게요.,0
보안카드 번호 849329 불러드릴게요.,1
비번 6643 이걸로 설정해주세요.,1
직접 방문해서 해결하겠습니다.,0
누구세요?,0
비번 3951 이걸로 설정해주세요.,1
제가 님을 어떻게 믿나요?,0
직접 방문해서 해결하겠습니다. 제 정보는 제가 알아서 합니다.,0
전화 끊으세요. 보이스피싱 아닌가요?,0
비번 9707 이걸로 설정해주세요.,1
계좌번호는 868-27-363190 입니다.,1
이름은 김중수이고요.,1
이미 신고했습니다. 앱 설치 안 할 겁니다.,0
이미 신고했습니다. 보이스피싱 아닌가요?,0
가족한테 확인해볼게요. 어디시죠?,0
제 민번 750703-4623022 맞나요?,1
신분증 보여주세요.,0
"김서윤, 010-9246-9676, 911104-3249824 전부 보냈습니다.",1
저는 김도윤라고 합니다.,1
지금 바빠서 나중에 통화해요. 신분증 보여주세요.,0
"송병철, 010-8098-9532, 870504-3909968 전부 보냈습니다.",1
제가 님을 어떻게 믿나요? 이미 신고했습니다.,0
제가 님을 어떻게 믿나요? 제 정보는 제가 알아서 합니다.,0
제 정보는 제가 알아서 합니다. 사기치지 마세요.,0
신분증 보내드렸어요. 790806-3291779 확인해주세요.,1
계좌번호는 447-464686-80 입니다.,1
관심 없어요.,0
전화번호는 010-4641-6669 입니다.,1
지금 OTP 번호 612844 떴어요.,1
직접 방문해서 해결하겠습니다. 보이스피싱 아닌가요?,0
경찰에 신고하겠습니다. 직접 방문해서 해결하겠습니다.,0
앱 설치 안 할 겁니다.,0
보안카드 번호 370497 불러드릴게요.,1
제 정보는 제가 알아서 합니다. 경찰에 신고하겠습니다.,0
전화 끊으세요.,0
신분증 보여주세요.,0
계좌번호는 6608-40-286020 입니다.,1
비번 2003 이걸로 설정해주세요.,1
주민번호는 900625-3974462 입니다.,1
주민번호는 880802-2522987 입니다.,1
직접 방문해서 해결하겠습니다.,0
직접 방문해서 해결하겠습니다.,0
신분증 보여주세요. 전화 끊으세요.,0
네 알겠습니다. 1836-88-995742 여기로 입금 받을게요.,1
됐습니다.,0
지금 OTP 번호 808891 떴어요.,1
싫습니다.,0
네 알겠습니다. 3871-11-238748 여기로 입금 받을게요.,1
신분증 보여주세요. 사기치지 마세요.,0
국민은행 602-79-627141 로 보내면 되나요?,1
필요 없습니다. 이미 신고했습니다.,0
사기치지 마세요.,0
필요 없습니다. 사기치지 마세요.,0
모르는 url은 안 눌러요. 안해요.,0
주민등록번호 앞자리는 930608이고 뒤는 1230681입니다.,1
전화번호는 010-7411-9412 입니다.,1
신분증 보내드렸어요. 510503-4163928 확인해주세요.,1
주민등록번호 앞자리는 730118이고 뒤는 3561795입니다.,1
주민번호는 530412-4673034 입니다.,1
관심 없어요. 신분증 보여주세요.,0
싫습니다. 보이스피싱 아닌가요?,0
제가 님을 어떻게 믿나요?,0
은행 가서 직접 처리할게요.,0
배송지는 인천광역시 도봉구 논현로 908 로 해주세요.,1
배송지는 서울특별시 서구 테헤란길 975 로 해주세요.,1
네 알겠습니다. 153-982504-49 여기로 입금 받을게요.,1
농협 276-956409-69 제 계좌입니다.,1
제 민번 960924-1342905 맞나요?,1
어디시죠?,0
배송지는 경상남도 시흥시 백제고분63로 853-36 (지혜박리) 로 해주세요.,1
싫습니다.,0
신분증 보내드렸어요. 560428-2282123 확인해주세요.,1
관심 없어요. 은행 가서 직접 처리할게요.,0
어디시죠?,0
보안카드 번호 391654 불러드릴게요.,1
누구세요?,0
확인해보고 다시 연락드릴게요. 가족한테 확인해볼게요.,0
저는 강민재라고 합니다.,1
경찰에 신고하겠습니다.,0
핀번호 904286 눌렀습니다.,1
보안카드 번호 665196 불러드릴게요.,1
핀번호 568378 눌렀습니다.,1
싫습니다. 이미 신고했습니다.,0
앱 설치 안 할 겁니다. 지금 바빠서 나중에 통화해요.,0
계좌번호는 9977-30-369919 입니다.,1
보이스피싱 아닌가요? 싫습니다.,0
신분증 보여주세요.,0
배송지는 전라남도 청양군 잠실로 965-37 로 해주세요.,1
저는 곽보람라고 합니다.,1
지금 바빠서 나중에 통화해요. 보이스피싱 아닌가요?,0
제 이름은 이현우입니다.,1
농협 972-978050-87 제 계좌입니다.,1
싫습니다. 가족한테 확인해볼게요.,0
주민등록번호 앞자리는 911228이고 뒤는 1929867입니다.,1
"이영자, 010-7216-9957, 840822-3902828 전부 보냈습니다.",1
누구세요? 확인해보고 다시 연락드릴게요.,0
확인해보고 다시 연락드릴게요. 전화 끊으세요.,0
배송지는 전라남도 고양시 덕양구 언주7가 412-94 (상철김이동) 로 해주세요.,1
경찰에 신고하겠습니다.,0
은행 가서 직접 처리할게요. 신분증 보여주세요.,0
경찰에 신고하겠습니다.,0
제가 님을 어떻게 믿나요? 경찰에 신고하겠습니다.,0
누구세요?,0
비번 6632 이걸로 설정해주세요.,1
주민번호는 981113-1400128 입니다.,1
확인해보고 다시 연락드릴게요.,0
네 알겠습니다. 3311-33-270088 여기로 입금 받을게요.,1
전화 끊으세요.,0
"안현준, 010-1888-1356, 940217-3600576 전부 보냈습니다.",1
제가 님을 어떻게 믿나요? 가족한테 확인해볼게요.,0
제 이름은 이준혁입니다.,1
제 정보는 제가 알아서 합니다. 모르는 url은 안 눌러요.,0
더 이상 연락하지 마세요.,0
모르는 url은 안 눌러요.,0
경찰에 신고하겠습니다. 제 정보는 제가 알아서 합니다.,0
관심 없어요.,0
직접 방문해서 해결하겠습니다. 신분증 보여주세요.,0
주민등록번호 앞자리는 870709이고 뒤는 1755492입니다.,1
제 민번 551010-2118314 맞나요?,1
지금 바빠서 나중에 통화해요.,0
확인해보고 다시 연락드릴게요.,0
농협 1667-78-667147 제 계좌입니다.,1
이미 신고했습니다.,0
제 정보는 제가 알아서 합니다.,0
지금 OTP 번호 775014 떴어요.,1
집 주소는 광주광역시 동구 서초대44길 370-78 입니다.,1
지금 바빠서 나중에 통화해요.,0
더 이상 연락하지 마세요.,0
확인해보고 다시 연락드릴게요. 더 이상 연락하지 마세요.,0
전화번호는 010-2782-7820 입니다.,1
필요 없습니다.,0
누구세요? 제 정보는 제가 알아서 합니다.,0
전화번호는 010-2613-7690 입니다.,1
"김명숙, 010-4257-9550, 790304-1983618 전부 보냈습니다.",1
이름은 권정훈이고요.,1
제 정보는 제가 알아서 합니다.,0
집 주소는 경상남도 안양시 동안구 백제고분거리 694-71 입니다.,1
됐습니다. 어디시죠?,0
더 이상 연락하지 마세요.,0
이미 신고했습니다.,0
전화 끊으세요. 가족한테 확인해볼게요.,0
이름은 구옥순이고요.,1
관심 없어요.,0
필요 없습니다.,0
주민등록번호 앞자리는 740807이고 뒤는 1681690입니다.,1
이름은 민미영이고요.,1
이미 신고했습니다.,0
지금 바빠서 나중에 통화해요. 제 정보는 제가 알아서 합니다.,0
"정정호, 010-5837-1422, 920915-2594132 전부 보냈습니다.",1
필요 없습니다.,0
은행 가서 직접 처리할게요.,0
지금 OTP 번호 531134 떴어요.,1
집 주소는 강원도 삼척시 역삼길 241-23 (은경김이동) 입니다.,1
직접 방문해서 해결하겠습니다.,0
비번 2354 이걸로 설정해주세요.,1
주민등록번호 앞자리는 751111이고 뒤는 3934297입니다.,1
주민번호는 550722-4867127 입니다.,1
지금 바빠서 나중에 통화해요.,0
직접 방문해서 해결하겠습니다.,0
제 폰번 010-7021-3409 로 연락주세요.,1
보안카드 번호 813664 불러드릴게요.,1
제 폰번 010-4655-8607 로 연락주세요.,1
사기치지 마세요.,0
"김영자, 010-7187-2469, 721217-1947456 전부 보냈습니다.",1
전화번호는 010-5536-8675 입니다.,1
직접 방문해서 해결하겠습니다.,0
제가 님을 어떻게 믿나요? 안해요.,0
지금 바빠서 나중에 통화해요.,0
제 폰번 010-8515-4496 로 연락주세요.,1
됐습니다.,0
주민번호는 551003-2104273 입니다.,1
경찰에 신고하겠습니다.,0
네 알겠습니다. 988-260254-87 여기로 입금 받을게요.,1
"이민석, 010-4253-6531, 541006-1115323 전부 보냈습니다.",1
신분증 보여주세요. 지금 바빠서 나중에 통화해요.,0
주민등록번호 앞자리는 660505이고 뒤는 1706482입니다.,1
어디시죠?,0
"한지은, 010-6417-5313, 760220-1532201 전부 보냈습니다.",1
안해요. 전화 끊으세요.,0
전화 끊으세요. 신분증 보여주세요.,0
어디시죠?,0
주민번호는 811227-3426563 입니다.,1
싫습니다. 직접 방문해서 해결하겠습니다.,0
주민등록번호 앞자리는 650617이고 뒤는 4384197입니다.,1
앱 설치 안 할 겁니다.,0
국민은행 621-157064-13 로 보내면 되나요?,1
안해요.,0
배송지는 경기도 이천시 서초대거리 지하388 (정숙김면) 로 해주세요.,1
가족한테 확인해볼게요. 이미 신고했습니다.,0
제가 님을 어떻게 믿나요?,0
농협 3170-62-583321 제 계좌입니다.,1
전화번호는 010-2636-9784 입니다.,1
제가 님을 어떻게 믿나요?,0
앱 설치 안 할 겁니다. 사기치지 마세요.,0
신분증 보여주세요. 은행 가서 직접 처리할게요.,0
비밀번호는 6443 입니다.,1
누구세요?,0
은행 가서 직접 처리할게요. 앱 설치 안 할 겁니다.,0
핀번호 320499 눌렀습니다.,1
지금 바빠서 나중에 통화해요.,0
신분증 보내드렸어요. 660923-4437826 확인해주세요.,1
싫습니다. 가족한테 확인해볼게요.,0
관심 없어요.,0
지금 바빠서 나중에 통화해요. 은행 가서 직접 처리할게요.,0
제 정보는 제가 알아서 합니다. 보이스피싱 아닌가요?,0
확인해보고 다시 연락드릴게요. 제 정보는 제가 알아서 합니다.,0
비밀번호는 5512 입니다.,1
농협 633-782717-47 제 계좌입니다.,1
제 정보는 제가 알아서 합니다. 제가 님을 어떻게 믿나요?,0
이미 신고했습니다.,0
신분증 보여주세요. 더 이상 연락하지 마세요.,0
경찰에 신고하겠습니다. 앱 설치 안 할 겁니다.,0
보안카드 번호 268198 불러드릴게요.,1
저는 류정웅라고 합니다.,1
관심 없어요.,0
제가 님을 어떻게 믿나요?,0
"김영환, 010-5216-3690, 580511-4682989 전부 보냈습니다.",1
농협 489-253407-90 제 계좌입니다.,1
전화 끊으세요.,0
지금 OTP 번호 737717 떴어요.,1
농협 1068-29-995548 제 계좌입니다.,1
핀번호 154036 눌렀습니다.,1
확인해보고 다시 연락드릴게요.,0
더 이상 연락하지 마세요.,0
직접 방문해서 해결하겠습니다. 전화 끊으세요.,0
가족한테 확인해볼게요. 가족한테 확인해볼게요.,0
누구세요?,0
전화번호는 010-1235-4463 입니다.,1
싫습니다.,0
지금 바빠서 나중에 통화해요.,0
신분증 보여주세요. 가족한테 확인해볼게요.,0
보이스피싱 아닌가요?,0
비번 8874 이걸로 설정해주세요.,1
비번 1981 이걸로 설정해주세요.,1
확인해보고 다시 연락드릴게요.,0
누구세요? 지금 바빠서 나중에 통화해요.,0
네 알겠습니다. 994-640934-30 여기로 입금 받을게요.,1
집 주소는 충청남도 과천시 봉은사7길 566 (승현김면) 입니다.,1
싫습니다. 확인해보고 다시 연락드릴게요.,0
보안카드 번호 105201 불러드릴게요.,1
신분증 보여주세요.,0
국민은행 349-67-888273 로 보내면 되나요?,1
제 폰번 010-9641-2686 로 연락주세요.,1
주민번호는 510417-1809537 입니다.,1
경찰에 신고하겠습니다. 필요 없습니다.,0
비번 1847 이걸로 설정해주세요.,1
모르는 url은 안 눌러요. 전화 끊으세요.,0
핀번호 401227 눌렀습니다.,1
비밀번호는 2585 입니다.,1
확인해보고 다시 연락드릴게요. 지금 바빠서 나중에 통화해요.,0
제 정보는 제가 알아서 합니다. 필요 없습니다.,0
신분증 보내드렸어요. 930501-3453161 확인해주세요.,1
경찰에 신고하겠습니다.,0
가족한테 확인해볼게요. 지금 바빠서 나중에 통화해요.,0
주민등록번호 앞자리는 691110이고 뒤는 1721640입니다.,1
전화 끊으세요. 필요 없습니다.,0
신분증 보내드렸어요. 510908-2257352 확인해주세요.,1
경찰에 신고하겠습니다. 됐습니다.,0
모르는 url은 안 눌러요.,0
신분증 보여주세요.,0
신분증 보내드렸어요. 570506-2326485 확인해주세요.,1
필요 없습니다.,0
핀번호 891418 눌렀습니다.,1
관심 없어요. 신분증 보여주세요.,0
필요 없습니다. 전화 끊으세요.,0
은행 가서 직접 처리할게요.,0
집 주소는 인천광역시 금천구 도산대가 지하822 (지원김리) 입니다.,1
배송지는 부산광역시 서초구 잠실79거리 405-51 로 해주세요.,1
관심 없어요.,0
제 폰번 010-7258-1991 로 연락주세요.,1
어디시죠?,0
비번 1718 이걸로 설정해주세요.,1
모르는 url은 안 눌러요.,0
보안카드 번호 114456 불러드릴게요.,1
네 알겠습니다. 434-315428-19 여기로 입금 받을게요.,1
집 주소는 충청북도 안양시 만안구 도산대9거리 259-10 입니다.,1
필요 없습니다.,0
어디시죠? 직접 방문해서 해결하겠습니다.,0
제가 님을 어떻게 믿나요? 경찰에 신고하겠습니다.,0
"김정수, 010-3644-5024, 551122-3808972 전부 보냈습니다.",1
제 폰번 010-8321-4615 로 연락주세요.,1
농협 740-17-676012 제 계좌입니다.,1
보안카드 번호 614853 불러드릴게요.,1
비밀번호는 5426 입니다.,1
안해요. 앱 설치 안 할 겁니다.,0
확인해보고 다시 연락드릴게요. 확인해보고 다시 연락드릴게요.,0
가족한테 확인해볼게요.,0
모르는 url은 안 눌러요.,0
주민번호는 580924-2177584 입니다.,1
이름은 장정순이고요.,1
사기치지 마세요. 사기치지 마세요.,0
계좌번호는 9525-71-628044 입니다.,1
앱 설치 안 할 겁니다. 안해요.,0
계좌번호는 797-29-621089 입니다.,1
어디시죠?,0
제 정보는 제가 알아서 합니다.,0
앱 설치 안 할 겁니다. 신분증 보여주세요.,0
네 알겠습니다. 860-755012-15 여기로 입금 받을게요.,1
앱 설치 안 할 겁니다.,0
확인해보고 다시 연락드릴게요.,0
보안카드 번호 749919 불러드릴게요.,1
제 이름은 이현지입니다.,1
신분증 보여주세요. 경찰에 신고하겠습니다.,0
집 주소는 충청남도 논산시 잠실거리 855 입니다.,1
앱 설치 안 할 겁니다.,0
지금 OTP 번호 242468 떴어요.,1
됐습니다.,0
핀번호 769805 눌렀습니다.,1
전화번호는 010-1081-6606 입니다.,1
사기치지 마세요.,0
됐습니다.,0
신분증 보내드렸어요. 601209-2374166 확인해주세요.,1
농협 2116-72-850656 제 계좌입니다.,1
주민등록번호 앞자리는 580206이고 뒤는 4226757입니다.,1
보안카드 번호 153249 불러드릴게요.,1
제 이름은 이재현입니다.,1
네 알겠습니다. 8936-60-724329 여기로 입금 받을게요.,1
필요 없습니다.,0
계좌번호는 993-722094-32 입니다.,1
싫습니다. 은행 가서 직접 처리할게요.,0
은행 가서 직접 처리할게요. 이미 신고했습니다.,0
제 정보는 제가 알아서 합니다.,0
국민은행 9612-45-201525 로 보내면 되나요?,1
보안카드 번호 985337 불러드릴게요.,1
주민등록번호 앞자리는 750813이고 뒤는 4755239입니다.,1
신분증 보여주세요. 은행 가서 직접 처리할게요.,0
경찰에 신고하겠습니다.,0
지금 바빠서 나중에 통화해요.,0
저는 류서현라고 합니다.,1
네 알겠습니다. 792-87-264629 여기로 입금 받을게요.,1
전화번호는 010-8303-5669 입니다.,1
신분증 보여주세요. 제 정보는 제가 알아서 합니다.,0
주민번호는 511115-3922715 입니다.,1
이미 신고했습니다. 필요 없습니다.,0
비밀번호는 7366 입니다.,1
주민등록번호 앞자리는 880206이고 뒤는 2587668입니다.,1
누구세요?,0
경찰에 신고하겠습니다. 싫습니다.,0
모르는 url은 안 눌러요. 더 이상 연락하지 마세요.,0
필요 없습니다.,0
누구세요? 신분증 보여주세요.,0
"김민석, 010-1161-2330, 960511-3364444 전부 보냈습니다.",1
제 이름은 최정희입니다.,1
집 주소는 서울특별시 종로구 언주길 21-22 입니다.,1
배송지는 경기도 영월군 오금77길 608 (성수김김면) 로 해주세요.,1
저는 장지현라고 합니다.,1
보안카드 번호 274011 불러드릴게요.,1
사기치지 마세요. 전화 끊으세요.,0
안해요. 이미 신고했습니다.,0
필요 없습니다. 안해요.,0
더 이상 연락하지 마세요.,0
집 주소는 광주광역시 서초구 선릉가 841-42 (명숙김김동) 입니다.,1
가족한테 확인해볼게요. 더 이상 연락하지 마세요.,0
지금 바빠서 나중에 통화해요. 이미 신고했습니다.,0
제 이름은 김유진입니다.,1
